student_id,order_seq,order_id,order_time,order_end,revenue,line_items,distinct_courses,courses,line_amounts,order_number_observed,is_repeat_observed,date,hour,weekday,prev_order_time,days_since_prev
1,1,1_1,2026-09-04 19:30:57,2026-09-04 19:30:57,8950.0,1,1,Аналитика старт,8950.00,1,False,2026-09-04,19,Friday,,
2,1,2_1,2026-09-05 16:22:48,2026-09-05 16:22:48,8950.0,1,1,ML про,8950.00,1,False,2026-09-05,16,Saturday,,
3,1,3_1,2026-09-03 22:47:02,2026-09-03 22:47:02,5975.0,1,1,АВ тестам,5975.00,1,False,2026-09-03,22,Thursday,,
4,1,4_1,2026-08-31 15:42:34,2026-08-31 15:42:34,8950.0,1,1,AI агенты,8950.00,1,False,2026-08-31,15,Monday,,
5,1,5_1,2026-08-22 16:19:00,2026-08-22 16:19:00,5750.0,1,1,ML про,5750.00,1,False,2026-08-22,16,Saturday,,
6,1,6_1,2026-09-02 19:16:28,2026-09-02 19:16:28,8450.0,1,1,Аналитика про,8450.00,1,False,2026-09-02,19,Wednesday,,
7,1,7_1,2026-08-08 14:07:56,2026-08-08 14:07:56,4950.0,1,1,Backend старт,4950.00,1,False,2026-08-08,14,Saturday,,
8,1,8_1,2026-08-08 16:25:39,2026-08-08 16:25:39,8990.0,2,2,АВ тестам | Алгоритмы,4495.00 | 4495.00,1,False,2026-08-08,16,Saturday,,
9,1,9_1,2026-09-03 14:55:45,2026-09-03 14:55:45,8950.0,1,1,Аналитика про,8950.00,1,False,2026-09-03,14,Thursday,,
10,1,10_1,2026-09-06 16:25:37,2026-09-06 16:25:37,8450.0,1,1,Backend про,8450.00,1,False,2026-09-06,16,Sunday,,
11,1,11_1,2026-08-27 20:09:27,2026-08-27 20:09:27,6975.0,1,1,ML старт,6975.00,1,False,2026-08-27,20,Thursday,,
12,1,12_1,2026-08-09 16:52:01,2026-08-09 16:52:01,6490.0,1,1,Backend старт,6490.00,1,False,2026-08-09,16,Sunday,,
13,1,13_1,2026-09-07 07:54:24,2026-09-07 07:54:24,8950.0,1,1,AI агенты,8950.00,1,False,2026-09-07,7,Monday,,
14,1,14_1,2026-08-30 23:52:21,2026-08-30 23:52:21,8950.0,1,1,AI агенты,8950.00,1,False,2026-08-30,23,Sunday,,
15,1,15_1,2026-09-04 15:26:00,2026-09-04 15:26:00,8450.0,1,1,Аналитика про,8450.00,1,False,2026-09-04,15,Friday,,
16,1,16_1,2026-08-10 16:56:42,2026-08-10 16:56:42,9900.0,2,2,ML старт | Алгоритмы старт,4950.00 | 4950.00,1,False,2026-08-10,16,Monday,,
17,1,17_1,2026-08-22 17:01:20,2026-08-22 17:01:20,9950.0,1,1,Алгоритмы,9950.00,1,False,2026-08-22,17,Saturday,,
18,1,18_1,2026-09-05 14:29:29,2026-09-05 14:29:29,8950.0,1,1,Алгоритмы про,8950.00,1,False,2026-09-05,14,Saturday,,
19,1,19_1,2026-08-09 11:01:50,2026-08-09 11:01:50,9900.0,2,2,Алгоритмы старт | Аналитика старт,4950.00 | 4950.00,1,False,2026-08-09,11,Sunday,,
20,1,20_1,2026-09-06 11:07:00,2026-09-06 11:07:00,14950.0,2,2,Аналитика про | Аналитика старт,7475.00 | 7475.00,1,False,2026-09-06,11,Sunday,,
21,1,21_1,2026-08-10 16:29:36,2026-08-10 16:29:36,9900.0,2,2,Алгоритмы старт | Аналитика старт,4950.00 | 4950.00,1,False,2026-08-10,16,Monday,,
22,1,22_1,2026-09-06 14:41:56,2026-09-06 14:41:56,8450.0,1,1,ML про,8450.00,1,False,2026-09-06,14,Sunday,,
23,1,23_1,2026-09-06 15:39:44,2026-09-06 15:39:44,2237.5,1,1,ML старт,2237.50,1,False,2026-09-06,15,Sunday,,
24,1,24_1,2026-09-05 18:23:21,2026-09-05 18:23:21,8950.0,1,1,ML про,8950.00,1,False,2026-09-05,18,Saturday,,
25,1,25_1,2026-08-30 18:34:15,2026-08-30 18:34:15,8450.0,1,1,ML про,8450.00,1,False,2026-08-30,18,Sunday,,
26,1,26_1,2026-08-08 09:23:01,2026-08-08 09:23:01,6490.0,1,1,Backend старт,6490.00,1,False,2026-08-08,9,Saturday,,
26,2,26_2,2026-08-31 14:03:44,2026-08-31 14:03:44,17950.0,2,2,Backend про | Дискретка,8975.00 | 8975.00,2,True,2026-08-31,14,Monday,2026-08-08 09:23:01,23.19494212962963
27,1,27_1,2026-08-29 14:47:39,2026-08-29 14:47:39,8950.0,1,1,ML про,8950.00,1,False,2026-08-29,14,Saturday,,
28,1,28_1,2026-09-04 15:15:34,2026-09-04 15:15:34,14950.0,2,2,Аналитика про | Аналитика старт,7475.00 | 7475.00,1,False,2026-09-04,15,Friday,,
29,1,29_1,2026-08-28 18:20:56,2026-08-28 18:20:56,8450.0,1,1,Backend старт,8450.00,1,False,2026-08-28,18,Friday,,
30,1,30_1,2026-08-23 10:06:51,2026-08-23 10:06:51,8950.0,1,1,ML про,8950.00,1,False,2026-08-23,10,Sunday,,
31,1,31_1,2026-09-05 11:00:21,2026-09-05 11:00:21,7475.0,1,1,ML про,7475.00,1,False,2026-09-05,11,Saturday,,
32,1,32_1,2026-08-09 04:36:11,2026-08-09 04:36:11,6490.0,1,1,ML старт,6490.00,1,False,2026-08-09,4,Sunday,,
33,1,33_1,2026-08-08 16:26:36,2026-08-08 16:26:36,9990.0,2,2,Backend старт | Алгоритмы старт,4995.00 | 4995.00,1,False,2026-08-08,16,Saturday,,
34,1,34_1,2026-09-01 17:23:37,2026-09-01 17:23:37,8945.0,1,1,Аналитика про,8945.00,1,False,2026-09-01,17,Tuesday,,
35,1,35_1,2026-09-02 22:38:59,2026-09-02 22:38:59,4225.0,1,1,Backend про,4225.00,1,False,2026-09-02,22,Wednesday,,
36,1,36_1,2026-09-09 19:26:20,2026-09-09 19:26:20,44750.0,5,5,Алгоритмы | Дискретка | Линейная алгебра | Мат анализ | Теория вероятностей,8950.00 | 8950.00 | 8950.00 | 8950.00 | 8950.00,1,False,2026-09-09,19,Wednesday,,
37,1,37_1,2026-09-02 04:13:14,2026-09-02 04:13:14,5750.0,1,1,Backend про,5750.00,1,False,2026-09-02,4,Wednesday,,
38,1,38_1,2026-08-09 12:15:31,2026-08-09 12:15:31,6490.0,1,1,Аналитика старт,6490.00,1,False,2026-08-09,12,Sunday,,
39,1,39_1,2026-08-27 17:02:28,2026-08-27 17:02:28,9950.0,1,1,Мат анализ,9950.00,1,False,2026-08-27,17,Thursday,,
40,1,40_1,2026-08-09 16:36:02,2026-08-09 16:36:02,6490.0,1,1,Аналитика старт,6490.00,1,False,2026-08-09,16,Sunday,,
41,1,41_1,2026-08-12 10:22:39,2026-08-12 10:22:39,6500.0,1,1,ML старт,6500.00,1,False,2026-08-12,10,Wednesday,,
42,1,42_1,2026-09-06 11:42:46,2026-09-06 11:42:46,8450.0,1,1,ML про,8450.00,1,False,2026-09-06,11,Sunday,,
43,1,43_1,2026-09-05 07:16:30,2026-09-05 07:16:30,12950.0,2,2,АВ тестам | Аналитика старт,6475.00 | 6475.00,1,False,2026-09-05,7,Saturday,,
44,1,44_1,2026-09-06 12:29:18,2026-09-06 12:29:18,6975.0,1,1,AI агенты,6975.00,1,False,2026-09-06,12,Sunday,,
45,1,45_1,2026-08-14 10:04:52,2026-08-14 10:04:52,5750.0,1,1,Алгоритмы,5750.00,1,False,2026-08-14,10,Friday,,
46,1,46_1,2026-08-12 05:13:04,2026-08-12 05:13:04,6450.0,1,1,К ВУЗу,6450.00,1,False,2026-08-12,5,Wednesday,,
47,1,47_1,2026-08-08 12:24:55,2026-08-08 12:24:55,9990.0,2,2,ML старт | Алгоритмы старт,4995.00 | 4995.00,1,False,2026-08-08,12,Saturday,,
48,1,48_1,2026-09-05 14:24:29,2026-09-05 14:24:29,8950.0,1,1,Backend про,8950.00,1,False,2026-09-05,14,Saturday,,
49,1,49_1,2026-09-06 14:51:02,2026-09-06 14:51:02,14950.0,2,2,AI агенты | Backend про,7475.00 | 7475.00,1,False,2026-09-06,14,Sunday,,
50,1,50_1,2026-09-02 10:32:55,2026-09-02 10:32:55,8950.0,1,1,Алгоритмы старт,8950.00,1,False,2026-09-02,10,Wednesday,,
51,1,51_1,2026-09-06 15:46:24,2026-09-06 15:46:24,2237.5,1,1,ML про,2237.50,1,False,2026-09-06,15,Sunday,,
52,1,52_1,2026-08-10 18:12:59,2026-08-10 18:12:59,6450.0,1,1,К ВУЗу,6450.00,1,False,2026-08-10,18,Monday,,
53,1,53_1,2026-08-09 13:57:35,2026-08-09 13:57:35,4950.0,1,1,ML старт,4950.00,1,False,2026-08-09,13,Sunday,,
54,1,54_1,2026-08-08 12:39:51,2026-08-08 12:39:51,6490.0,1,1,Алгоритмы старт,6490.00,1,False,2026-08-08,12,Saturday,,
55,1,55_1,2026-09-06 15:35:13,2026-09-06 15:35:13,2237.5,1,1,AI агенты,2237.50,1,False,2026-09-06,15,Sunday,,
56,1,56_1,2026-09-06 12:12:33,2026-09-06 12:12:33,7475.0,1,1,Backend старт,7475.00,1,False,2026-09-06,12,Sunday,,
57,1,57_1,2026-08-10 00:14:10,2026-08-10 00:14:10,4950.0,1,1,ML старт,4950.00,1,False,2026-08-10,0,Monday,,
58,1,58_1,2026-08-09 16:12:46,2026-08-09 16:12:46,16390.0,3,3,Backend старт | ML старт | Алгоритмы старт,5463.33 | 5463.33 | 5463.34,1,False,2026-08-09,16,Sunday,,
59,1,59_1,2026-09-06 13:32:21,2026-09-06 13:32:21,8950.0,1,1,ML про,8950.00,1,False,2026-09-06,13,Sunday,,
60,1,60_1,2026-09-05 19:44:33,2026-09-05 19:44:33,8950.0,1,1,ML про,8950.00,1,False,2026-09-05,19,Saturday,,
61,1,61_1,2026-08-27 19:44:33,2026-08-27 19:44:33,13950.0,2,2,ML про | ML старт,6975.00 | 6975.00,1,False,2026-08-27,19,Thursday,,
62,1,62_1,2026-08-09 18:47:09,2026-08-09 18:47:09,9990.0,2,2,Backend старт | Алгоритмы старт,4995.00 | 4995.00,1,False,2026-08-09,18,Sunday,,
63,1,63_1,2026-08-09 19:29:08,2026-08-09 19:29:08,12900.0,2,2,Data Engenering | Data Science,6450.00 | 6450.00,1,False,2026-08-09,19,Sunday,,
63,2,63_2,2026-09-07 05:24:57,2026-09-07 05:24:57,8950.0,1,1,Алгоритмы про,8950.00,2,True,2026-09-07,5,Monday,2026-08-09 19:29:08,28.413761574074073
64,1,64_1,2026-08-09 14:45:05,2026-08-09 14:45:05,4995.0,1,1,Алгоритмы,4995.00,1,False,2026-08-09,14,Sunday,,
65,1,65_1,2026-08-09 18:45:20,2026-08-09 18:45:20,6490.0,1,1,Аналитика старт,6490.00,1,False,2026-08-09,18,Sunday,,
66,1,66_1,2026-08-13 05:36:55,2026-08-13 05:36:55,8745.0,1,1,Алгоритмы старт,8745.00,1,False,2026-08-13,5,Thursday,,
67,1,67_1,2026-08-10 18:01:06,2026-08-10 18:01:06,6490.0,1,1,Аналитика старт,6490.00,1,False,2026-08-10,18,Monday,,
67,2,67_2,2026-09-05 17:04:40,2026-09-05 17:04:40,8950.0,1,1,ML про,8950.00,2,True,2026-09-05,17,Saturday,2026-08-10 18:01:06,25.960810185185185
68,1,68_1,2026-09-08 17:53:12,2026-09-08 17:53:12,15000.0,2,2,Алгоритмы про | Алгоритмы старт,7500.00 | 7500.00,1,False,2026-09-08,17,Tuesday,,
69,1,69_1,2026-08-22 04:22:43,2026-08-22 04:22:43,6950.0,1,1,К ВУЗу,6950.00,1,False,2026-08-22,4,Saturday,,
70,1,70_1,2026-08-18 19:10:04,2026-08-18 19:10:04,8475.0,1,1,Аналитика старт,8475.00,1,False,2026-08-18,19,Tuesday,,
71,1,71_1,2026-08-23 14:57:08,2026-08-23 14:57:08,8450.0,1,1,Алгоритмы,8450.00,1,False,2026-08-23,14,Sunday,,
72,1,72_1,2026-09-07 19:19:58,2026-09-07 19:19:58,13950.0,2,2,AI агенты | ML про,6975.00 | 6975.00,1,False,2026-09-07,19,Monday,,
73,1,73_1,2026-08-08 20:05:40,2026-08-08 20:05:40,4995.0,1,1,Алгоритмы старт,4995.00,1,False,2026-08-08,20,Saturday,,
74,1,74_1,2026-09-06 10:34:28,2026-09-06 10:34:28,8450.0,1,1,AI агенты,8450.00,1,False,2026-09-06,10,Sunday,,
75,1,75_1,2026-08-18 18:53:33,2026-08-18 18:53:33,16950.0,2,2,Аналитика про | Аналитика старт,8475.00 | 8475.00,1,False,2026-08-18,18,Tuesday,,
76,1,76_1,2026-08-30 14:48:44,2026-08-30 14:48:44,13950.0,2,2,Алгоритмы про | Аналитика про,6975.00 | 6975.00,1,False,2026-08-30,14,Sunday,,
77,1,77_1,2026-08-31 17:54:30,2026-08-31 17:54:30,8450.0,1,1,Аналитика про,8450.00,1,False,2026-08-31,17,Monday,,
78,1,78_1,2026-09-08 05:10:30,2026-09-08 05:10:30,6950.0,1,1,Data Science,6950.00,1,False,2026-09-08,5,Tuesday,,
79,1,79_1,2026-08-14 04:09:52,2026-08-14 04:09:52,9950.0,1,1,Теория вероятностей,9950.00,1,False,2026-08-14,4,Friday,,
80,1,80_1,2026-09-09 04:53:08,2026-09-09 04:53:08,6975.0,1,1,ML про,6975.00,1,False,2026-09-09,4,Wednesday,,
81,1,81_1,2026-08-30 13:44:26,2026-08-30 13:44:26,8450.0,1,1,AI агенты,8450.00,1,False,2026-08-30,13,Sunday,,
82,1,82_1,2026-08-11 12:46:14,2026-08-11 12:46:14,6490.0,2,2,Аналитика про | Аналитика старт,3245.00 | 3245.00,1,False,2026-08-11,12,Tuesday,,
83,1,83_1,2026-08-10 07:52:44,2026-08-10 07:52:44,6490.0,1,1,Аналитика старт,6490.00,1,False,2026-08-10,7,Monday,,
84,1,84_1,2026-08-09 19:07:32,2026-08-09 19:07:32,6490.0,1,1,Backend старт,6490.00,1,False,2026-08-09,19,Sunday,,
85,1,85_1,2026-08-24 15:57:32,2026-08-24 15:57:32,8950.0,1,1,Аналитика про,8950.00,1,False,2026-08-24,15,Monday,,
86,1,86_1,2026-08-10 16:16:30,2026-08-10 16:16:30,4950.0,1,1,Алгоритмы старт,4950.00,1,False,2026-08-10,16,Monday,,
87,1,87_1,2026-08-22 13:23:20,2026-08-22 13:23:20,7475.0,1,1,Алгоритмы про,7475.00,1,False,2026-08-22,13,Saturday,,
88,1,88_1,2026-09-01 19:27:16,2026-09-01 19:27:16,8950.0,1,1,AI агенты,8950.00,1,False,2026-09-01,19,Tuesday,,
89,1,89_1,2026-08-09 10:44:19,2026-08-09 10:44:19,9900.0,1,1,Алгоритмы,9900.00,1,False,2026-08-09,10,Sunday,,
90,1,90_1,2026-08-31 01:05:18,2026-08-31 01:05:18,6975.0,1,1,Алгоритмы старт,6975.00,1,False,2026-08-31,1,Monday,,
91,1,91_1,2026-08-24 00:44:40,2026-08-24 00:44:40,8950.0,1,1,ML старт,8950.00,1,False,2026-08-24,0,Monday,,
92,1,92_1,2026-08-21 15:14:39,2026-08-21 15:14:39,9950.0,1,1,Линейная алгебра,9950.00,1,False,2026-08-21,15,Friday,,
93,1,93_1,2026-08-10 05:56:12,2026-08-10 05:56:12,6950.0,1,1,К ВУЗу,6950.00,1,False,2026-08-10,5,Monday,,
94,1,94_1,2026-09-04 18:49:47,2026-09-04 18:49:47,8950.0,1,1,Backend про,8950.00,1,False,2026-09-04,18,Friday,,
95,1,95_1,2026-08-23 19:08:11,2026-08-23 19:08:11,14950.0,2,2,AI агенты | Аналитика про,7475.00 | 7475.00,1,False,2026-08-23,19,Sunday,,
96,1,96_1,2026-08-09 16:21:43,2026-08-09 16:21:43,6490.0,1,1,Аналитика старт,6490.00,1,False,2026-08-09,16,Sunday,,
97,1,97_1,2026-09-06 17:27:55,2026-09-06 17:27:55,8950.0,1,1,Backend про,8950.00,1,False,2026-09-06,17,Sunday,,
98,1,98_1,2026-08-23 14:14:48,2026-08-23 14:14:48,14950.0,2,2,Аналитика про | Аналитика старт,7475.00 | 7475.00,1,False,2026-08-23,14,Sunday,,
99,1,99_1,2026-08-29 19:35:36,2026-08-29 19:35:36,8450.0,1,1,AI агенты,8450.00,1,False,2026-08-29,19,Saturday,,
100,1,100_1,2026-09-07 09:30:42,2026-09-07 09:30:42,8950.0,1,1,Backend старт,8950.00,1,False,2026-09-07,9,Monday,,
101,1,101_1,2026-08-20 17:34:00,2026-08-20 17:34:00,8745.0,1,1,Алгоритмы старт,8745.00,1,False,2026-08-20,17,Thursday,,
102,1,102_1,2026-09-07 12:59:48,2026-09-07 12:59:48,12950.0,2,2,AI агенты | ML про,6475.00 | 6475.00,1,False,2026-09-07,12,Monday,,
103,1,103_1,2026-08-09 18:46:42,2026-08-09 18:46:42,6490.0,1,1,Аналитика старт,6490.00,1,False,2026-08-09,18,Sunday,,
104,1,104_1,2026-08-23 21:00:30,2026-08-23 21:00:30,14950.0,2,2,AI агенты | ML про,7475.00 | 7475.00,1,False,2026-08-23,21,Sunday,,
105,1,105_1,2026-09-06 11:55:22,2026-09-06 11:55:22,8950.0,1,1,Аналитика про,8950.00,1,False,2026-09-06,11,Sunday,,
106,1,106_1,2026-08-10 10:53:02,2026-08-10 10:53:02,9900.0,2,2,Backend старт | Алгоритмы старт,4950.00 | 4950.00,1,False,2026-08-10,10,Monday,,
107,1,107_1,2026-08-23 18:28:17,2026-08-23 18:28:17,13950.0,2,2,AI агенты | Аналитика про,6975.00 | 6975.00,1,False,2026-08-23,18,Sunday,,
108,1,108_1,2026-09-09 04:53:08,2026-09-09 04:53:08,6975.0,1,1,AI агенты,6975.00,1,False,2026-09-09,4,Wednesday,,
109,1,109_1,2026-09-05 17:57:36,2026-09-05 17:57:36,8950.0,1,1,ML про,8950.00,1,False,2026-09-05,17,Saturday,,
110,1,110_1,2026-09-07 10:27:06,2026-09-07 10:27:06,8950.0,1,1,AI агенты,8950.00,1,False,2026-09-07,10,Monday,,
111,1,111_1,2026-08-24 16:49:26,2026-08-24 16:49:26,8950.0,1,1,Аналитика про,8950.00,1,False,2026-08-24,16,Monday,,
112,1,112_1,2026-08-11 18:41:42,2026-08-11 18:41:42,16950.0,2,2,ML про | ML старт,8475.00 | 8475.00,1,False,2026-08-11,18,Tuesday,,
113,1,113_1,2026-09-06 15:14:57,2026-09-06 15:14:57,8950.0,1,1,Аналитика про,8950.00,1,False,2026-09-06,15,Sunday,,
114,1,114_1,2026-09-01 19:16:56,2026-09-01 19:16:56,13950.0,2,2,AI агенты | ML про,6975.00 | 6975.00,1,False,2026-09-01,19,Tuesday,,
115,1,115_1,2026-09-01 13:09:50,2026-09-01 13:09:50,8945.0,1,1,Аналитика про,8945.00,1,False,2026-09-01,13,Tuesday,,
116,1,116_1,2026-08-25 10:01:02,2026-08-25 10:01:02,14950.0,2,2,АВ тестам | Аналитика про,7475.00 | 7475.00,1,False,2026-08-25,10,Tuesday,,
117,1,117_1,2026-09-05 12:34:35,2026-09-05 12:34:35,8450.0,1,1,Аналитика про,8450.00,1,False,2026-09-05,12,Saturday,,
118,1,118_1,2026-08-23 08:24:45,2026-08-23 08:24:45,8450.0,1,1,Backend про,8450.00,1,False,2026-08-23,8,Sunday,,
119,1,119_1,2026-09-07 11:34:36,2026-09-07 11:34:36,8950.0,1,1,Алгоритмы про,8950.00,1,False,2026-09-07,11,Monday,,
120,1,120_1,2026-08-08 19:28:26,2026-08-08 19:28:26,6490.0,1,1,Аналитика старт,6490.00,1,False,2026-08-08,19,Saturday,,
121,1,121_1,2026-08-25 11:38:56,2026-08-25 11:38:56,8950.0,1,1,AI агенты,8950.00,1,False,2026-08-25,11,Tuesday,,
122,1,122_1,2026-08-27 20:55:44,2026-08-27 20:55:44,14950.0,2,2,ML про | ML старт,7475.00 | 7475.00,1,False,2026-08-27,20,Thursday,,
123,1,123_1,2026-09-09 16:23:01,2026-09-09 16:23:01,6450.0,1,1,Data Science,6450.00,1,False,2026-09-09,16,Wednesday,,
124,1,124_1,2026-09-04 06:34:32,2026-09-04 06:34:32,9950.0,1,1,Линейная алгебра,9950.00,1,False,2026-09-04,6,Friday,,
125,1,125_1,2026-09-07 08:46:37,2026-09-07 08:46:37,8950.0,1,1,ML про,8950.00,1,False,2026-09-07,8,Monday,,
126,1,126_1,2026-08-05 13:22:41,2026-08-05 13:22:41,8745.0,1,1,ML старт,8745.00,1,False,2026-08-05,13,Wednesday,,
127,1,127_1,2026-09-05 17:27:41,2026-09-05 17:27:41,8950.0,1,1,ML про,8950.00,1,False,2026-09-05,17,Saturday,,
128,1,128_1,2026-09-02 11:55:47,2026-09-02 11:55:47,8945.0,1,1,Аналитика про,8945.00,1,False,2026-09-02,11,Wednesday,,
129,1,129_1,2026-08-09 10:56:45,2026-08-09 10:56:45,6490.0,1,1,Аналитика старт,6490.00,1,False,2026-08-09,10,Sunday,,
130,1,130_1,2026-08-15 14:59:16,2026-08-15 14:59:16,9950.0,1,1,Алгоритмы,9950.00,1,False,2026-08-15,14,Saturday,,
131,1,131_1,2026-08-04 17:05:46,2026-08-04 17:05:46,8745.0,1,1,Backend старт,8745.00,1,False,2026-08-04,17,Tuesday,,
132,1,132_1,2026-08-13 11:39:13,2026-08-13 11:39:13,8745.0,1,1,Аналитика про,8745.00,1,False,2026-08-13,11,Thursday,,
133,1,133_1,2026-08-16 09:59:37,2026-08-16 09:59:37,9900.0,2,2,Аналитика про | Аналитика старт,4950.00 | 4950.00,1,False,2026-08-16,9,Sunday,,
134,1,134_1,2026-08-31 08:06:47,2026-08-31 08:06:47,6975.0,1,1,Алгоритмы про,6975.00,1,False,2026-08-31,8,Monday,,
135,1,135_1,2026-08-08 20:00:19,2026-08-08 20:00:19,9990.0,2,2,ML старт | Алгоритмы старт,4995.00 | 4995.00,1,False,2026-08-08,20,Saturday,,
136,1,136_1,2026-08-27 08:57:04,2026-08-27 08:57:04,14950.0,2,2,AI агенты | Backend про,7475.00 | 7475.00,1,False,2026-08-27,8,Thursday,,
137,1,137_1,2026-08-05 15:01:16,2026-08-05 15:01:16,8475.0,1,1,Backend старт,8475.00,1,False,2026-08-05,15,Wednesday,,
138,1,138_1,2026-08-09 16:33:22,2026-08-09 16:33:22,6490.0,1,1,ML старт,6490.00,1,False,2026-08-09,16,Sunday,,
138,2,138_2,2026-08-25 12:39:08,2026-08-25 12:39:08,5750.0,1,1,ML про,5750.00,2,True,2026-08-25,12,Tuesday,2026-08-09 16:33:22,15.837337962962962
139,1,139_1,2026-09-01 20:30:07,2026-09-01 20:30:07,13950.0,2,2,AI агенты | ML старт,6975.00 | 6975.00,1,False,2026-09-01,20,Tuesday,,
140,1,140_1,2026-08-25 16:01:50,2026-08-25 16:01:50,8450.0,1,1,Аналитика старт,8450.00,1,False,2026-08-25,16,Tuesday,,
141,1,141_1,2026-08-24 14:48:12,2026-08-24 14:48:12,7475.0,1,1,Алгоритмы старт,7475.00,1,False,2026-08-24,14,Monday,,
142,1,142_1,2026-08-11 15:49:13,2026-08-11 15:49:13,6490.0,1,1,Аналитика старт,6490.00,1,False,2026-08-11,15,Tuesday,,
143,1,143_1,2026-08-16 13:21:36,2026-08-16 13:21:36,6950.0,1,1,К ВУЗу,6950.00,1,False,2026-08-16,13,Sunday,,
144,1,144_1,2026-08-29 11:51:08,2026-08-29 11:51:08,8950.0,2,2,Аналитика про | Аналитика старт,4475.00 | 4475.00,1,False,2026-08-29,11,Saturday,,
144,2,144_2,2026-09-01 15:30:39,2026-09-01 15:30:39,8950.0,1,1,Аналитика про,8950.00,2,True,2026-09-01,15,Tuesday,2026-08-29 11:51:08,3.1524421296296294
145,1,145_1,2026-08-30 13:06:05,2026-08-30 13:06:05,8950.0,1,1,Аналитика про,8950.00,1,False,2026-08-30,13,Sunday,,
146,1,146_1,2026-08-20 16:27:30,2026-08-20 16:27:30,6950.0,1,1,К ВУЗу,6950.00,1,False,2026-08-20,16,Thursday,,
147,1,147_1,2026-09-05 19:46:01,2026-09-05 19:46:01,14950.0,2,2,ML про | ML старт,7475.00 | 7475.00,1,False,2026-09-05,19,Saturday,,
148,1,148_1,2026-08-25 09:49:25,2026-08-25 09:49:25,7475.0,1,1,AI агенты,7475.00,1,False,2026-08-25,9,Tuesday,,
149,1,149_1,2026-08-23 16:50:14,2026-08-23 16:50:14,8950.0,1,1,ML про,8950.00,1,False,2026-08-23,16,Sunday,,
150,1,150_1,2026-09-06 13:11:45,2026-09-06 13:11:45,8950.0,1,1,Backend про,8950.00,1,False,2026-09-06,13,Sunday,,
151,1,151_1,2026-09-06 11:31:11,2026-09-06 11:31:11,7475.0,1,1,Аналитика про,7475.00,1,False,2026-09-06,11,Sunday,,
152,1,152_1,2026-08-10 08:42:13,2026-08-10 08:42:13,6490.0,1,1,ML старт,6490.00,1,False,2026-08-10,8,Monday,,
153,1,153_1,2026-08-13 18:30:59,2026-08-13 18:30:59,5750.0,1,1,Алгоритмы,5750.00,1,False,2026-08-13,18,Thursday,,
154,1,154_1,2026-09-06 13:40:03,2026-09-06 13:40:03,8950.0,1,1,Алгоритмы про,8950.00,1,False,2026-09-06,13,Sunday,,
155,1,155_1,2026-09-05 10:20:56,2026-09-05 10:20:56,14950.0,2,2,Backend про | Backend старт,7475.00 | 7475.00,1,False,2026-09-05,10,Saturday,,
155,2,155_2,2026-09-05 12:13:44,2026-09-05 12:13:44,7000.0,1,1,Алгоритмы старт,7000.00,2,True,2026-09-05,12,Saturday,2026-09-05 10:20:56,0.07833333333333334
156,1,156_1,2026-08-22 10:54:14,2026-08-22 10:54:14,14950.0,2,2,Алгоритмы про | Алгоритмы старт,7475.00 | 7475.00,1,False,2026-08-22,10,Saturday,,
157,1,157_1,2026-08-31 06:39:53,2026-08-31 06:39:53,14950.0,2,2,AI агенты | ML про,7475.00 | 7475.00,1,False,2026-08-31,6,Monday,,
158,1,158_1,2026-08-10 12:37:30,2026-08-10 12:37:30,9400.0,2,2,Backend старт | Алгоритмы,4700.00 | 4700.00,1,False,2026-08-10,12,Monday,,
159,1,159_1,2026-08-05 12:56:32,2026-08-05 12:56:32,16950.0,2,2,Backend про | Backend старт,8475.00 | 8475.00,1,False,2026-08-05,12,Wednesday,,
160,1,160_1,2026-08-09 02:39:44,2026-08-09 02:39:44,4995.0,1,1,Аналитика старт,4995.00,1,False,2026-08-09,2,Sunday,,
161,1,161_1,2026-08-08 19:49:42,2026-08-08 19:49:42,9990.0,2,2,Backend старт | Алгоритмы старт,4995.00 | 4995.00,1,False,2026-08-08,19,Saturday,,
162,1,162_1,2026-08-15 12:51:04,2026-08-15 12:51:04,6950.0,1,1,К ВУЗу,6950.00,1,False,2026-08-15,12,Saturday,,
163,1,163_1,2026-08-26 01:23:32,2026-08-26 01:23:32,8450.0,1,1,AI агенты,8450.00,1,False,2026-08-26,1,Wednesday,,
164,1,164_1,2026-08-10 13:08:15,2026-08-10 13:08:15,8745.0,1,1,ML старт,8745.00,1,False,2026-08-10,13,Monday,,
165,1,165_1,2026-08-25 07:21:38,2026-08-25 07:21:38,8450.0,1,1,Аналитика про,8450.00,1,False,2026-08-25,7,Tuesday,,
166,1,166_1,2026-08-06 12:15:46,2026-08-06 12:15:46,6950.0,1,1,К ВУЗу,6950.00,1,False,2026-08-06,12,Thursday,,
167,1,167_1,2026-08-09 09:07:16,2026-08-09 09:07:16,9900.0,2,2,ML старт | Алгоритмы старт,4950.00 | 4950.00,1,False,2026-08-09,9,Sunday,,
168,1,168_1,2026-08-25 06:26:04,2026-08-25 06:26:04,14950.0,2,2,AI агенты | ML про,7475.00 | 7475.00,1,False,2026-08-25,6,Tuesday,,
169,1,169_1,2026-09-05 15:47:16,2026-09-05 15:47:16,8950.0,1,1,Аналитика про,8950.00,1,False,2026-09-05,15,Saturday,,
170,1,170_1,2026-08-12 17:51:00,2026-08-12 17:51:00,6000.0,1,1,ML старт,6000.00,1,False,2026-08-12,17,Wednesday,,
171,1,171_1,2026-08-31 18:20:33,2026-08-31 18:20:33,8950.0,1,1,Аналитика про,8950.00,1,False,2026-08-31,18,Monday,,
172,1,172_1,2026-08-23 16:29:57,2026-08-23 16:29:57,8950.0,1,1,AI агенты,8950.00,1,False,2026-08-23,16,Sunday,,
173,1,173_1,2026-08-11 07:48:36,2026-08-11 07:48:36,9900.0,2,2,ML старт | Алгоритмы старт,4950.00 | 4950.00,1,False,2026-08-11,7,Tuesday,,
174,1,174_1,2026-09-05 18:41:16,2026-09-05 18:41:16,14950.0,2,2,ML про | Алгоритмы про,7475.00 | 7475.00,1,False,2026-09-05,18,Saturday,,
175,1,175_1,2026-08-13 16:14:01,2026-08-13 16:14:01,9950.0,1,1,Теория вероятностей,9950.00,1,False,2026-08-13,16,Thursday,,
176,1,176_1,2026-08-09 16:29:58,2026-08-09 16:29:58,6490.0,1,1,Алгоритмы,6490.00,1,False,2026-08-09,16,Sunday,,
177,1,177_1,2026-08-28 10:47:56,2026-08-28 10:47:56,8950.0,1,1,Аналитика старт,8950.00,1,False,2026-08-28,10,Friday,,
178,1,178_1,2026-08-26 09:15:13,2026-08-26 09:15:13,8950.0,1,1,AI агенты,8950.00,1,False,2026-08-26,9,Wednesday,,
179,1,179_1,2026-08-12 02:06:02,2026-08-12 02:06:02,6490.0,1,1,Аналитика старт,6490.00,1,False,2026-08-12,2,Wednesday,,
180,1,180_1,2026-09-06 16:23:30,2026-09-06 16:23:30,2237.5,1,1,Алгоритмы старт,2237.50,1,False,2026-09-06,16,Sunday,,
181,1,181_1,2026-09-01 18:44:37,2026-09-01 18:44:37,8950.0,1,1,Аналитика про,8950.00,1,False,2026-09-01,18,Tuesday,,
182,1,182_1,2026-09-02 10:14:11,2026-09-02 10:14:11,8950.0,1,1,Backend про,8950.00,1,False,2026-09-02,10,Wednesday,,
183,1,183_1,2026-08-08 10:08:11,2026-08-08 10:08:11,6490.0,1,1,Backend старт,6490.00,1,False,2026-08-08,10,Saturday,,
184,1,184_1,2026-08-09 17:20:07,2026-08-09 17:20:07,4950.0,1,1,Алгоритмы старт,4950.00,1,False,2026-08-09,17,Sunday,,
185,1,185_1,2026-08-27 14:36:47,2026-08-27 14:36:47,13950.0,2,2,AI агенты | ML про,6975.00 | 6975.00,1,False,2026-08-27,14,Thursday,,
186,1,186_1,2026-08-10 06:13:10,2026-08-10 06:13:10,4950.0,1,1,Алгоритмы старт,4950.00,1,False,2026-08-10,6,Monday,,
187,1,187_1,2026-08-09 18:48:05,2026-08-09 18:48:05,8990.0,2,2,Алгоритмы старт | Аналитика старт,4495.00 | 4495.00,1,False,2026-08-09,18,Sunday,,
188,1,188_1,2026-09-06 01:03:43,2026-09-06 01:03:43,6975.0,1,1,Backend про,6975.00,1,False,2026-09-06,1,Sunday,,
189,1,189_1,2026-09-01 07:49:46,2026-09-01 07:49:46,8945.0,1,1,Аналитика старт,8945.00,1,False,2026-09-01,7,Tuesday,,
190,1,190_1,2026-09-09 02:52:43,2026-09-09 02:52:43,9950.0,1,1,Мат анализ,9950.00,1,False,2026-09-09,2,Wednesday,,
191,1,191_1,2026-08-27 15:11:14,2026-08-27 15:11:14,29850.0,4,4,AI агенты | Алгоритмы | Мат анализ | Теория вероятностей,7462.50 | 7462.50 | 7462.50 | 7462.50,1,False,2026-08-27,15,Thursday,,
192,1,192_1,2026-08-24 15:05:04,2026-08-24 15:05:04,14950.0,2,2,AI агенты | ML про,7475.00 | 7475.00,1,False,2026-08-24,15,Monday,,
193,1,193_1,2026-09-06 11:49:34,2026-09-06 11:49:34,8450.0,1,1,AI агенты,8450.00,1,False,2026-09-06,11,Sunday,,
194,1,194_1,2026-08-24 16:25:21,2026-08-24 16:25:21,8950.0,1,1,Алгоритмы старт,8950.00,1,False,2026-08-24,16,Monday,,
195,1,195_1,2026-09-01 10:54:53,2026-09-01 10:54:53,8450.0,1,1,AI агенты,8450.00,1,False,2026-09-01,10,Tuesday,,
196,1,196_1,2026-09-10 06:09:12,2026-09-10 06:09:12,9950.0,1,1,Линейная алгебра,9950.00,1,False,2026-09-10,6,Thursday,,
197,1,197_1,2026-09-04 15:39:31,2026-09-04 15:39:31,14950.0,2,2,AI агенты | Backend про,7475.00 | 7475.00,1,False,2026-09-04,15,Friday,,
198,1,198_1,2026-09-04 16:44:57,2026-09-04 16:44:57,7475.0,1,1,Аналитика старт,7475.00,1,False,2026-09-04,16,Friday,,
199,1,199_1,2026-08-21 09:02:18,2026-08-21 09:02:18,9950.0,1,1,Мат анализ,9950.00,1,False,2026-08-21,9,Friday,,
200,1,200_1,2026-08-22 19:40:16,2026-08-22 19:40:16,14950.0,2,2,Аналитика про | Аналитика старт,7475.00 | 7475.00,1,False,2026-08-22,19,Saturday,,
201,1,201_1,2026-08-24 17:28:20,2026-08-24 17:28:20,6950.0,1,1,Data Science,6950.00,1,False,2026-08-24,17,Monday,,
202,1,202_1,2026-08-25 19:24:14,2026-08-25 19:24:14,14950.0,2,2,AI агенты | Backend про,7475.00 | 7475.00,1,False,2026-08-25,19,Tuesday,,
203,1,203_1,2026-08-23 20:42:20,2026-08-23 20:42:20,14950.0,2,2,AI агенты | Аналитика про,7475.00 | 7475.00,1,False,2026-08-23,20,Sunday,,
204,1,204_1,2026-09-07 13:39:13,2026-09-07 13:39:13,8950.0,1,1,ML про,8950.00,1,False,2026-09-07,13,Monday,,
205,1,205_1,2026-09-03 15:01:50,2026-09-03 15:01:50,8950.0,1,1,Аналитика про,8950.00,1,False,2026-09-03,15,Thursday,,
206,1,206_1,2026-08-09 13:00:12,2026-08-09 13:00:12,9990.0,2,2,Backend старт | Алгоритмы,4995.00 | 4995.00,1,False,2026-08-09,13,Sunday,,
207,1,207_1,2026-08-09 10:15:38,2026-08-09 10:15:38,6490.0,1,1,Алгоритмы старт,6490.00,1,False,2026-08-09,10,Sunday,,
208,1,208_1,2026-08-13 19:25:17,2026-08-13 19:25:17,6450.0,1,1,К ВУЗу,6450.00,1,False,2026-08-13,19,Thursday,,
209,1,209_1,2026-08-23 06:58:29,2026-08-23 06:58:29,8950.0,1,1,Backend про,8950.00,1,False,2026-08-23,6,Sunday,,
210,1,210_1,2026-09-05 17:12:38,2026-09-05 17:12:38,7475.0,1,1,Аналитика старт,7475.00,1,False,2026-09-05,17,Saturday,,
211,1,211_1,2026-08-22 11:08:24,2026-08-22 11:08:24,14950.0,2,2,AI агенты | ML про,7475.00 | 7475.00,1,False,2026-08-22,11,Saturday,,
212,1,212_1,2026-09-09 15:03:44,2026-09-09 15:03:44,14950.0,2,2,Алгоритмы про | Алгоритмы старт,7475.00 | 7475.00,1,False,2026-09-09,15,Wednesday,,
213,1,213_1,2026-08-23 20:58:38,2026-08-23 20:58:38,8950.0,1,1,Аналитика про,8950.00,1,False,2026-08-23,20,Sunday,,
214,1,214_1,2026-09-07 14:02:50,2026-09-07 14:02:50,8950.0,1,1,AI агенты,8950.00,1,False,2026-09-07,14,Monday,,
215,1,215_1,2026-08-24 03:22:36,2026-08-24 03:22:36,6975.0,1,1,Алгоритмы про,6975.00,1,False,2026-08-24,3,Monday,,
216,1,216_1,2026-08-23 18:13:18,2026-08-23 18:13:18,7475.0,1,1,AI агенты,7475.00,1,False,2026-08-23,18,Sunday,,
217,1,217_1,2026-08-10 14:24:20,2026-08-10 14:24:20,6950.0,1,1,К ВУЗу,6950.00,1,False,2026-08-10,14,Monday,,
218,1,218_1,2026-08-22 09:03:23,2026-08-22 09:03:23,16950.0,2,2,Backend про | Алгоритмы про,8475.00 | 8475.00,1,False,2026-08-22,9,Saturday,,
219,1,219_1,2026-08-28 13:23:53,2026-08-28 13:23:53,9950.0,1,1,Мат анализ,9950.00,1,False,2026-08-28,13,Friday,,
220,1,220_1,2026-08-22 19:19:35,2026-08-22 19:19:35,9950.0,1,1,Линейная алгебра,9950.00,1,False,2026-08-22,19,Saturday,,
221,1,221_1,2026-08-23 07:41:37,2026-08-23 07:41:37,14950.0,2,2,Аналитика про | Аналитика старт,7475.00 | 7475.00,1,False,2026-08-23,7,Sunday,,
222,1,222_1,2026-08-05 18:52:56,2026-08-05 18:52:56,15950.0,2,2,Backend про | Backend старт,7975.00 | 7975.00,1,False,2026-08-05,18,Wednesday,,
223,1,223_1,2026-08-09 20:27:29,2026-08-09 20:27:29,6490.0,1,1,Алгоритмы старт,6490.00,1,False,2026-08-09,20,Sunday,,
224,1,224_1,2026-09-09 08:55:28,2026-09-09 08:55:28,8450.0,1,1,Аналитика про,8450.00,1,False,2026-09-09,8,Wednesday,,
225,1,225_1,2026-08-05 14:22:34,2026-08-05 14:22:34,8745.0,1,1,АВ тестам,8745.00,1,False,2026-08-05,14,Wednesday,,
226,1,226_1,2026-09-01 17:03:44,2026-09-01 17:03:44,7475.0,1,1,ML старт,7475.00,1,False,2026-09-01,17,Tuesday,,
227,1,227_1,2026-08-08 20:08:33,2026-08-08 20:08:33,9450.0,2,2,ML старт | Алгоритмы старт,4725.00 | 4725.00,1,False,2026-08-08,20,Saturday,,
228,1,228_1,2026-08-09 19:02:28,2026-08-09 19:02:28,6450.0,1,1,Data Science,6450.00,1,False,2026-08-09,19,Sunday,,
228,2,228_2,2026-09-07 07:42:35,2026-09-07 07:42:35,8950.0,1,1,AI агенты,8950.00,2,True,2026-09-07,7,Monday,2026-08-09 19:02:28,28.527858796296297
229,1,229_1,2026-08-14 04:19:44,2026-08-14 04:19:44,9950.0,1,1,Теория вероятностей,9950.00,1,False,2026-08-14,4,Friday,,
229,2,229_2,2026-08-23 15:38:51,2026-08-23 15:38:51,8450.0,1,1,AI агенты,8450.00,2,True,2026-08-23,15,Sunday,2026-08-14 04:19:44,9.471608796296296
230,1,230_1,2026-09-03 15:07:18,2026-09-03 15:07:18,8950.0,1,1,Аналитика про,8950.00,1,False,2026-09-03,15,Thursday,,
231,1,231_1,2026-09-01 18:08:01,2026-09-01 18:08:01,41225.0,5,5,Алгоритмы | Дискретка | Линейная алгебра | Мат анализ | Теория вероятностей,8245.00 | 8245.00 | 8245.00 | 8245.00 | 8245.00,1,False,2026-09-01,18,Tuesday,,
232,1,232_1,2026-08-09 10:47:20,2026-08-09 10:47:20,6490.0,1,1,Аналитика старт,6490.00,1,False,2026-08-09,10,Sunday,,
233,1,233_1,2026-08-08 18:51:08,2026-08-08 18:51:08,6490.0,1,1,Аналитика старт,6490.00,1,False,2026-08-08,18,Saturday,,
234,1,234_1,2026-08-12 06:04:03,2026-08-12 06:04:03,4950.0,1,1,ML старт,4950.00,1,False,2026-08-12,6,Wednesday,,
235,1,235_1,2026-08-23 16:04:24,2026-08-23 16:04:24,8450.0,1,1,AI агенты,8450.00,1,False,2026-08-23,16,Sunday,,
236,1,236_1,2026-08-29 05:27:29,2026-08-29 05:27:29,7475.0,1,1,ML про,7475.00,1,False,2026-08-29,5,Saturday,,
237,1,237_1,2026-08-23 13:29:45,2026-08-23 13:29:45,8950.0,1,1,AI агенты,8950.00,1,False,2026-08-23,13,Sunday,,
238,1,238_1,2026-09-05 13:28:56,2026-09-05 13:28:56,8950.0,1,1,Backend про,8950.00,1,False,2026-09-05,13,Saturday,,
239,1,239_1,2026-08-31 17:06:09,2026-08-31 17:06:09,8450.0,1,1,Аналитика про,8450.00,1,False,2026-08-31,17,Monday,,
240,1,240_1,2026-08-22 18:00:15,2026-08-22 18:00:15,6450.0,1,1,Алгоритмы про,6450.00,1,False,2026-08-22,18,Saturday,,
241,1,241_1,2026-08-30 17:07:59,2026-08-30 17:07:59,8950.0,1,1,Backend старт,8950.00,1,False,2026-08-30,17,Sunday,,
242,1,242_1,2026-08-29 13:44:52,2026-08-29 13:44:52,8950.0,1,1,ML про,8950.00,1,False,2026-08-29,13,Saturday,,
243,1,243_1,2026-08-24 10:40:35,2026-08-24 10:40:35,8950.0,1,1,AI агенты,8950.00,1,False,2026-08-24,10,Monday,,
244,1,244_1,2026-09-02 10:24:40,2026-09-02 10:24:40,8950.0,1,1,Алгоритмы старт,8950.00,1,False,2026-09-02,10,Wednesday,,
245,1,245_1,2026-09-05 15:54:58,2026-09-05 15:54:58,8950.0,1,1,Backend про,8950.00,1,False,2026-09-05,15,Saturday,,
246,1,246_1,2026-09-07 16:45:55,2026-09-07 16:45:55,9950.0,1,1,Мат анализ,9950.00,1,False,2026-09-07,16,Monday,,
247,1,247_1,2026-09-01 14:59:35,2026-09-01 14:59:35,14950.0,2,2,ML про | ML старт,7475.00 | 7475.00,1,False,2026-09-01,14,Tuesday,,
248,1,248_1,2026-08-22 13:43:42,2026-08-22 13:43:42,7475.0,1,1,ML про,7475.00,1,False,2026-08-22,13,Saturday,,
249,1,249_1,2026-08-07 19:38:55,2026-08-07 19:38:55,6950.0,1,1,К ВУЗу,6950.00,1,False,2026-08-07,19,Friday,,
250,1,250_1,2026-09-05 14:54:24,2026-09-05 14:54:24,14950.0,2,2,Backend про | Backend старт,7475.00 | 7475.00,1,False,2026-09-05,14,Saturday,,
251,1,251_1,2026-09-06 18:05:45,2026-09-06 18:05:45,9950.0,1,1,Мат анализ,9950.00,1,False,2026-09-06,18,Sunday,,
252,1,252_1,2026-09-03 16:36:15,2026-09-03 16:36:15,8950.0,1,1,Backend про,8950.00,1,False,2026-09-03,16,Thursday,,
253,1,253_1,2026-08-30 17:04:49,2026-08-30 17:04:49,8950.0,1,1,AI агенты,8950.00,1,False,2026-08-30,17,Sunday,,
254,1,254_1,2026-09-07 14:53:39,2026-09-07 14:53:39,14950.0,2,2,Алгоритмы про | Алгоритмы старт,7475.00 | 7475.00,1,False,2026-09-07,14,Monday,,
255,1,255_1,2026-08-26 14:52:53,2026-08-26 14:52:53,8950.0,1,1,ML старт,8950.00,1,False,2026-08-26,14,Wednesday,,
256,1,256_1,2026-08-08 17:54:37,2026-08-08 17:54:37,5990.0,1,1,ML старт,5990.00,1,False,2026-08-08,17,Saturday,,
257,1,257_1,2026-08-23 20:56:06,2026-08-23 20:56:06,8450.0,1,1,Backend про,8450.00,1,False,2026-08-23,20,Sunday,,
258,1,258_1,2026-08-10 15:03:03,2026-08-10 15:03:03,6490.0,1,1,Алгоритмы,6490.00,1,False,2026-08-10,15,Monday,,
259,1,259_1,2026-08-08 07:59:01,2026-08-08 07:59:01,8745.0,1,1,ML про,8745.00,1,False,2026-08-08,7,Saturday,,
260,1,260_1,2026-08-12 05:32:11,2026-08-12 05:32:11,9900.0,2,2,Алгоритмы | Алгоритмы про,4950.00 | 4950.00,1,False,2026-08-12,5,Wednesday,,
261,1,261_1,2026-09-06 16:06:04,2026-09-06 16:06:04,8950.0,1,1,AI агенты,8950.00,1,False,2026-09-06,16,Sunday,,
262,1,262_1,2026-08-09 09:10:55,2026-08-09 09:10:55,6490.0,1,1,Backend про,6490.00,1,False,2026-08-09,9,Sunday,,
263,1,263_1,2026-08-22 19:53:10,2026-08-22 19:53:10,8950.0,1,1,ML про,8950.00,1,False,2026-08-22,19,Saturday,,
263,2,263_2,2026-08-25 03:19:38,2026-08-25 03:19:38,6000.0,1,1,AI агенты,6000.00,2,True,2026-08-25,3,Tuesday,2026-08-22 19:53:10,2.310046296296296
264,1,264_1,2026-09-02 18:37:57,2026-09-02 18:37:57,8450.0,2,2,Backend про | Алгоритмы,4225.00 | 4225.00,1,False,2026-09-02,18,Wednesday,,
265,1,265_1,2026-08-08 16:25:28,2026-08-08 16:25:28,5990.0,1,1,ML старт,5990.00,1,False,2026-08-08,16,Saturday,,
266,1,266_1,2026-09-02 11:33:22,2026-09-02 11:33:22,10000.0,1,1,Мат анализ,10000.00,1,False,2026-09-02,11,Wednesday,,
267,1,267_1,2026-08-31 08:26:17,2026-08-31 08:26:17,8950.0,1,1,Аналитика про,8950.00,1,False,2026-08-31,8,Monday,,
268,1,268_1,2026-08-24 12:52:49,2026-08-24 12:52:49,8950.0,1,1,AI агенты,8950.00,1,False,2026-08-24,12,Monday,,
269,1,269_1,2026-08-25 22:26:03,2026-08-25 22:26:03,7475.0,1,1,Backend про,7475.00,1,False,2026-08-25,22,Tuesday,,
270,1,270_1,2026-09-05 14:08:51,2026-09-05 14:08:51,8950.0,1,1,Аналитика про,8950.00,1,False,2026-09-05,14,Saturday,,
271,1,271_1,2026-09-03 12:55:50,2026-09-03 12:55:50,14950.0,2,2,ML про | Алгоритмы про,7475.00 | 7475.00,1,False,2026-09-03,12,Thursday,,
272,1,272_1,2026-08-31 18:34:40,2026-08-31 18:34:40,8950.0,1,1,Аналитика про,8950.00,1,False,2026-08-31,18,Monday,,
273,1,273_1,2026-09-03 08:17:51,2026-09-03 08:17:51,8950.0,1,1,ML про,8950.00,1,False,2026-09-03,8,Thursday,,
274,1,274_1,2026-08-30 23:37:30,2026-08-30 23:37:30,6975.0,1,1,Аналитика про,6975.00,1,False,2026-08-30,23,Sunday,,
275,1,275_1,2026-08-13 09:51:23,2026-08-13 09:51:23,8745.0,1,1,Алгоритмы старт,8745.00,1,False,2026-08-13,9,Thursday,,
275,2,275_2,2026-09-06 11:58:58,2026-09-06 11:58:58,13950.0,2,2,AI агенты | ML про,6975.00 | 6975.00,2,True,2026-09-06,11,Sunday,2026-08-13 09:51:23,24.088599537037037
276,1,276_1,2026-08-15 12:43:23,2026-08-15 12:43:23,5750.0,2,2,ML старт | Алгоритмы старт,2875.00 | 2875.00,1,False,2026-08-15,12,Saturday,,
277,1,277_1,2026-08-22 11:24:53,2026-08-22 11:24:53,5750.0,1,1,Backend про,5750.00,1,False,2026-08-22,11,Saturday,,
278,1,278_1,2026-09-06 17:31:06,2026-09-06 17:31:06,14950.0,2,2,Аналитика про | Аналитика старт,7475.00 | 7475.00,1,False,2026-09-06,17,Sunday,,
279,1,279_1,2026-08-09 09:48:26,2026-08-09 09:48:26,6490.0,1,1,Аналитика старт,6490.00,1,False,2026-08-09,9,Sunday,,
280,1,280_1,2026-08-05 16:37:02,2026-08-05 16:37:02,8245.0,1,1,ML старт,8245.00,1,False,2026-08-05,16,Wednesday,,
281,1,281_1,2026-08-11 12:02:08,2026-08-11 12:02:08,4950.0,1,1,ML старт,4950.00,1,False,2026-08-11,12,Tuesday,,
282,1,282_1,2026-08-09 18:55:57,2026-08-09 18:55:57,8745.0,1,1,ML про,8745.00,1,False,2026-08-09,18,Sunday,,
283,1,283_1,2026-09-09 13:34:09,2026-09-09 13:34:09,14950.0,2,2,AI агенты | ML про,7475.00 | 7475.00,1,False,2026-09-09,13,Wednesday,,
284,1,284_1,2026-08-30 11:56:49,2026-08-30 11:56:49,6975.0,1,1,ML про,6975.00,1,False,2026-08-30,11,Sunday,,
285,1,285_1,2026-08-30 08:22:49,2026-08-30 08:22:49,13950.0,2,2,AI агенты | ML про,6975.00 | 6975.00,1,False,2026-08-30,8,Sunday,,
286,1,286_1,2026-08-09 16:16:39,2026-08-09 16:16:39,6490.0,1,1,Аналитика старт,6490.00,1,False,2026-08-09,16,Sunday,,
287,1,287_1,2026-08-19 07:46:07,2026-08-19 07:46:07,6950.0,1,1,Data Science,6950.00,1,False,2026-08-19,7,Wednesday,,
288,1,288_1,2026-09-02 08:57:12,2026-09-02 08:57:12,8945.0,1,1,Аналитика про,8945.00,1,False,2026-09-02,8,Wednesday,,
289,1,289_1,2026-08-28 16:24:51,2026-08-28 16:24:51,8950.0,1,1,AI агенты,8950.00,1,False,2026-08-28,16,Friday,,
290,1,290_1,2026-08-23 16:53:02,2026-08-23 16:53:02,7475.0,1,1,Аналитика старт,7475.00,1,False,2026-08-23,16,Sunday,,
291,1,291_1,2026-08-06 10:06:16,2026-08-06 10:06:16,19900.0,2,2,Линейная алгебра | Мат анализ,9950.00 | 9950.00,1,False,2026-08-06,10,Thursday,,
292,1,292_1,2026-09-06 12:59:39,2026-09-06 12:59:39,6975.0,1,1,ML про,6975.00,1,False,2026-09-06,12,Sunday,,
293,1,293_1,2026-08-22 11:35:35,2026-08-22 11:35:35,8950.0,1,1,Backend про,8950.00,1,False,2026-08-22,11,Saturday,,
294,1,294_1,2026-08-06 10:39:31,2026-08-06 10:39:31,9950.0,1,1,Линейная алгебра,9950.00,1,False,2026-08-06,10,Thursday,,
295,1,295_1,2026-08-06 10:14:55,2026-08-06 10:14:55,6950.0,1,1,К ВУЗу,6950.00,1,False,2026-08-06,10,Thursday,,
296,1,296_1,2026-09-01 10:46:43,2026-09-01 10:46:43,8950.0,1,1,Аналитика старт,8950.00,1,False,2026-09-01,10,Tuesday,,
297,1,297_1,2026-08-22 17:26:07,2026-08-22 17:26:07,8450.0,1,1,Алгоритмы,8450.00,1,False,2026-08-22,17,Saturday,,
298,1,298_1,2026-08-23 18:48:14,2026-08-23 18:48:14,6975.0,1,1,Аналитика про,6975.00,1,False,2026-08-23,18,Sunday,,
299,1,299_1,2026-08-24 16:58:19,2026-08-24 16:58:19,8950.0,1,1,Аналитика про,8950.00,1,False,2026-08-24,16,Monday,,
300,1,300_1,2026-09-06 17:58:00,2026-09-06 17:58:00,6950.0,1,1,Data Science,6950.00,1,False,2026-09-06,17,Sunday,,
301,1,301_1,2026-08-31 20:57:15,2026-08-31 20:57:15,17950.0,2,2,ML старт | Аналитика старт,8975.00 | 8975.00,1,False,2026-08-31,20,Monday,,
302,1,302_1,2026-09-04 15:20:47,2026-09-04 15:20:47,7475.0,1,1,Аналитика про,7475.00,1,False,2026-09-04,15,Friday,,
303,1,303_1,2026-09-04 15:21:52,2026-09-04 15:21:52,14950.0,2,2,ML про | ML старт,7475.00 | 7475.00,1,False,2026-09-04,15,Friday,,
304,1,304_1,2026-08-11 15:52:40,2026-08-11 15:52:40,6950.0,1,1,К ВУЗу,6950.00,1,False,2026-08-11,15,Tuesday,,
305,1,305_1,2026-08-31 17:03:19,2026-08-31 17:03:19,14950.0,2,2,Алгоритмы про | Алгоритмы старт,7475.00 | 7475.00,1,False,2026-08-31,17,Monday,,
306,1,306_1,2026-09-06 16:18:59,2026-09-06 16:18:59,8950.0,1,1,ML старт,8950.00,1,False,2026-09-06,16,Sunday,,
307,1,307_1,2026-08-23 15:39:57,2026-08-23 15:39:57,8450.0,1,1,Аналитика про,8450.00,1,False,2026-08-23,15,Sunday,,
308,1,308_1,2026-08-08 14:05:17,2026-08-08 14:05:17,9900.0,2,2,Backend старт | Алгоритмы старт,4950.00 | 4950.00,1,False,2026-08-08,14,Saturday,,
309,1,309_1,2026-09-05 09:55:40,2026-09-05 09:55:40,8950.0,1,1,ML про,8950.00,1,False,2026-09-05,9,Saturday,,
310,1,310_1,2026-09-06 16:38:02,2026-09-06 16:38:02,14950.0,2,2,AI агенты | ML про,7475.00 | 7475.00,1,False,2026-09-06,16,Sunday,,
311,1,311_1,2026-08-11 16:15:41,2026-08-11 16:15:41,9900.0,2,2,ML старт | Алгоритмы старт,4950.00 | 4950.00,1,False,2026-08-11,16,Tuesday,,
312,1,312_1,2026-08-23 09:59:13,2026-08-23 09:59:13,7475.0,1,1,Аналитика про,7475.00,1,False,2026-08-23,9,Sunday,,
313,1,313_1,2026-08-07 11:58:49,2026-08-07 11:58:49,9450.0,1,1,Мат анализ,9450.00,1,False,2026-08-07,11,Friday,,
314,1,314_1,2026-08-28 18:44:36,2026-08-28 18:44:36,8950.0,1,1,Аналитика старт,8950.00,1,False,2026-08-28,18,Friday,,
315,1,315_1,2026-08-23 16:40:25,2026-08-23 16:40:25,14950.0,2,2,AI агенты | Backend про,7475.00 | 7475.00,1,False,2026-08-23,16,Sunday,,
316,1,316_1,2026-08-14 12:59:02,2026-08-14 12:59:02,4495.0,1,1,АВ тестам,4495.00,1,False,2026-08-14,12,Friday,,
317,1,317_1,2026-09-04 13:16:14,2026-09-04 13:16:14,8950.0,1,1,Аналитика про,8950.00,1,False,2026-09-04,13,Friday,,
318,1,318_1,2026-09-03 17:23:38,2026-09-03 17:23:38,8450.0,1,1,Аналитика про,8450.00,1,False,2026-09-03,17,Thursday,,
319,1,319_1,2026-08-09 17:25:06,2026-08-09 17:25:06,4950.0,1,1,ML старт,4950.00,1,False,2026-08-09,17,Sunday,,
320,1,320_1,2026-08-08 19:54:31,2026-08-08 19:54:31,9990.0,2,2,Алгоритмы старт | Аналитика старт,4995.00 | 4995.00,1,False,2026-08-08,19,Saturday,,
321,1,321_1,2026-08-09 16:24:15,2026-08-09 16:24:15,6490.0,1,1,ML старт,6490.00,1,False,2026-08-09,16,Sunday,,
322,1,322_1,2026-08-28 14:03:47,2026-08-28 14:03:47,14950.0,2,2,ML про | Алгоритмы старт,7475.00 | 7475.00,1,False,2026-08-28,14,Friday,,
323,1,323_1,2026-08-09 18:56:09,2026-08-09 18:56:09,9990.0,2,2,Backend старт | Алгоритмы,4995.00 | 4995.00,1,False,2026-08-09,18,Sunday,,
324,1,324_1,2026-08-31 19:22:31,2026-08-31 19:22:31,8450.0,1,1,AI агенты,8450.00,1,False,2026-08-31,19,Monday,,
325,1,325_1,2026-08-06 11:41:17,2026-08-06 11:41:17,9950.0,1,1,Линейная алгебра,9950.00,1,False,2026-08-06,11,Thursday,,
326,1,326_1,2026-09-04 10:55:46,2026-09-04 10:55:46,14950.0,2,2,Аналитика про | Аналитика старт,7475.00 | 7475.00,1,False,2026-09-04,10,Friday,,
327,1,327_1,2026-09-06 12:45:38,2026-09-06 12:45:38,8950.0,1,1,AI агенты,8950.00,1,False,2026-09-06,12,Sunday,,
328,1,328_1,2026-09-05 10:58:26,2026-09-05 10:58:26,14950.0,2,2,ML про | Аналитика про,7475.00 | 7475.00,1,False,2026-09-05,10,Saturday,,
329,1,329_1,2026-08-09 16:51:47,2026-08-09 16:51:47,6490.0,1,1,Алгоритмы старт,6490.00,1,False,2026-08-09,16,Sunday,,
330,1,330_1,2026-09-03 15:10:16,2026-09-03 15:10:16,14950.0,2,2,Аналитика про | Аналитика старт,7475.00 | 7475.00,1,False,2026-09-03,15,Thursday,,
331,1,331_1,2026-08-09 16:31:09,2026-08-09 16:31:09,9990.0,2,2,Алгоритмы старт | Аналитика старт,4995.00 | 4995.00,1,False,2026-08-09,16,Sunday,,
332,1,332_1,2026-08-12 06:44:05,2026-08-12 06:44:05,9900.0,1,1,ML старт,9900.00,1,False,2026-08-12,6,Wednesday,,
333,1,333_1,2026-08-08 18:25:13,2026-08-08 18:25:13,6490.0,1,1,Аналитика старт,6490.00,1,False,2026-08-08,18,Saturday,,
334,1,334_1,2026-08-07 11:16:14,2026-08-07 11:16:14,19900.0,2,2,Линейная алгебра | Мат анализ,9950.00 | 9950.00,1,False,2026-08-07,11,Friday,,
335,1,335_1,2026-08-09 16:07:42,2026-08-09 16:07:42,9900.0,2,2,ML старт | Алгоритмы старт,4950.00 | 4950.00,1,False,2026-08-09,16,Sunday,,
336,1,336_1,2026-08-09 13:48:41,2026-08-09 13:48:41,9900.0,2,2,ML старт | Алгоритмы старт,4950.00 | 4950.00,1,False,2026-08-09,13,Sunday,,
337,1,337_1,2026-09-09 15:41:19,2026-09-09 15:41:19,7475.0,1,1,Алгоритмы про,7475.00,1,False,2026-09-09,15,Wednesday,,
338,1,338_1,2026-08-23 06:47:37,2026-08-23 06:47:37,14950.0,2,2,Аналитика про | Аналитика старт,7475.00 | 7475.00,1,False,2026-08-23,6,Sunday,,
339,1,339_1,2026-08-11 12:22:26,2026-08-11 12:22:26,6450.0,1,1,К ВУЗу,6450.00,1,False,2026-08-11,12,Tuesday,,
340,1,340_1,2026-08-29 09:29:52,2026-08-29 09:29:52,11950.0,2,2,АВ тестам | Аналитика старт,5975.00 | 5975.00,1,False,2026-08-29,9,Saturday,,
341,1,341_1,2026-08-23 11:59:04,2026-08-23 11:59:04,8950.0,1,1,ML про,8950.00,1,False,2026-08-23,11,Sunday,,
342,1,342_1,2026-08-13 09:48:34,2026-08-13 09:48:34,9950.0,1,1,Теория вероятностей,9950.00,1,False,2026-08-13,9,Thursday,,
343,1,343_1,2026-09-01 19:07:54,2026-09-01 19:07:54,8950.0,1,1,ML старт,8950.00,1,False,2026-09-01,19,Tuesday,,
344,1,344_1,2026-09-06 14:48:52,2026-09-06 14:48:52,8950.0,1,1,AI агенты,8950.00,1,False,2026-09-06,14,Sunday,,
345,1,345_1,2026-09-03 16:33:15,2026-09-03 16:33:15,8950.0,1,1,Аналитика про,8950.00,1,False,2026-09-03,16,Thursday,,
346,1,346_1,2026-08-18 10:15:05,2026-08-18 10:15:05,8745.0,1,1,ML старт,8745.00,1,False,2026-08-18,10,Tuesday,,
347,1,347_1,2026-09-06 18:35:08,2026-09-06 18:35:08,7475.0,1,1,Аналитика про,7475.00,1,False,2026-09-06,18,Sunday,,
348,1,348_1,2026-08-12 19:17:21,2026-08-12 19:17:21,6950.0,1,1,К ВУЗу,6950.00,1,False,2026-08-12,19,Wednesday,,
349,1,349_1,2026-09-09 16:10:16,2026-09-09 16:10:16,7475.0,1,1,Алгоритмы старт,7475.00,1,False,2026-09-09,16,Wednesday,,
350,1,350_1,2026-09-05 18:12:55,2026-09-05 18:12:55,8450.0,1,1,Аналитика про,8450.00,1,False,2026-09-05,18,Saturday,,
351,1,351_1,2026-08-20 11:12:25,2026-08-20 11:12:25,9450.0,1,1,Линейная алгебра,9450.00,1,False,2026-08-20,11,Thursday,,
352,1,352_1,2026-09-03 16:22:06,2026-09-03 16:22:06,8450.0,1,1,Алгоритмы про,8450.00,1,False,2026-09-03,16,Thursday,,
353,1,353_1,2026-08-22 11:39:22,2026-08-22 11:39:22,8950.0,1,1,Аналитика старт,8950.00,1,False,2026-08-22,11,Saturday,,
354,1,354_1,2026-09-04 13:47:25,2026-09-04 13:47:25,8245.0,1,1,Дискретка,8245.00,1,False,2026-09-04,13,Friday,,
355,1,355_1,2026-09-02 14:30:26,2026-09-02 14:30:26,8450.0,1,1,Backend про,8450.00,1,False,2026-09-02,14,Wednesday,,
356,1,356_1,2026-08-09 13:48:05,2026-08-09 13:48:05,6950.0,1,1,Backend старт,6950.00,1,False,2026-08-09,13,Sunday,,
357,1,357_1,2026-08-24 02:46:33,2026-08-24 02:46:33,9950.0,1,1,Теория вероятностей,9950.00,1,False,2026-08-24,2,Monday,,
358,1,358_1,2026-09-09 06:30:33,2026-09-09 06:30:33,8450.0,1,1,Аналитика про,8450.00,1,False,2026-09-09,6,Wednesday,,
359,1,359_1,2026-09-06 18:40:33,2026-09-06 18:40:33,7475.0,1,1,Аналитика старт,7475.00,1,False,2026-09-06,18,Sunday,,
360,1,360_1,2026-08-23 20:57:22,2026-08-23 20:57:22,8950.0,1,1,AI агенты,8950.00,1,False,2026-08-23,20,Sunday,,
361,1,361_1,2026-08-17 10:53:42,2026-08-17 10:53:42,17490.0,2,2,ML старт | Алгоритмы старт,8745.00 | 8745.00,1,False,2026-08-17,10,Monday,,
362,1,362_1,2026-09-05 14:52:23,2026-09-05 14:52:23,8450.0,1,1,ML про,8450.00,1,False,2026-09-05,14,Saturday,,
363,1,363_1,2026-09-04 06:28:52,2026-09-04 06:28:52,8945.0,1,1,Backend про,8945.00,1,False,2026-09-04,6,Friday,,
364,1,364_1,2026-08-13 00:01:02,2026-08-13 00:01:02,8475.0,1,1,Аналитика про,8475.00,1,False,2026-08-13,0,Thursday,,
365,1,365_1,2026-08-09 16:15:08,2026-08-09 16:15:08,6490.0,1,1,ML старт,6490.00,1,False,2026-08-09,16,Sunday,,
366,1,366_1,2026-09-06 15:18:37,2026-09-06 15:18:37,8950.0,4,4,AI агенты | ML про | ML старт | Алгоритмы старт,2237.50 | 2237.50 | 2237.50 | 2237.50,1,False,2026-09-06,15,Sunday,,
367,1,367_1,2026-08-23 18:18:15,2026-08-23 18:18:15,8245.0,1,1,Аналитика старт,8245.00,1,False,2026-08-23,18,Sunday,,
368,1,368_1,2026-08-24 14:21:10,2026-08-24 14:21:10,8950.0,1,1,Аналитика про,8950.00,1,False,2026-08-24,14,Monday,,
369,1,369_1,2026-08-09 18:53:23,2026-08-09 18:53:23,4495.0,1,1,Алгоритмы старт,4495.00,1,False,2026-08-09,18,Sunday,,
370,1,370_1,2026-08-08 14:10:35,2026-08-08 14:10:35,6490.0,1,1,Backend старт,6490.00,1,False,2026-08-08,14,Saturday,,
370,2,370_2,2026-08-22 11:14:12,2026-08-22 11:14:12,5750.0,1,1,Backend про,5750.00,2,True,2026-08-22,11,Saturday,2026-08-08 14:10:35,13.877511574074074
371,1,371_1,2026-08-09 17:17:09,2026-08-09 17:17:09,9900.0,2,2,ML старт | Алгоритмы старт,4950.00 | 4950.00,1,False,2026-08-09,17,Sunday,,
372,1,372_1,2026-08-22 15:11:44,2026-08-22 15:11:44,7450.0,1,1,AI агенты,7450.00,1,False,2026-08-22,15,Saturday,,
373,1,373_1,2026-08-22 18:58:36,2026-08-22 18:58:36,14950.0,2,2,Алгоритмы про | Алгоритмы старт,7475.00 | 7475.00,1,False,2026-08-22,18,Saturday,,
374,1,374_1,2026-08-09 19:11:48,2026-08-09 19:11:48,6450.0,1,1,Data Science,6450.00,1,False,2026-08-09,19,Sunday,,
375,1,375_1,2026-09-04 14:19:28,2026-09-04 14:19:28,7000.0,1,1,Алгоритмы про,7000.00,1,False,2026-09-04,14,Friday,,
376,1,376_1,2026-09-03 15:43:04,2026-09-03 15:43:04,6950.0,1,1,К ВУЗу,6950.00,1,False,2026-09-03,15,Thursday,,
377,1,377_1,2026-09-05 19:24:12,2026-09-05 19:24:12,14950.0,2,2,Аналитика про | Аналитика старт,7475.00 | 7475.00,1,False,2026-09-05,19,Saturday,,
378,1,378_1,2026-09-04 15:08:47,2026-09-04 15:08:47,8950.0,1,1,Аналитика про,8950.00,1,False,2026-09-04,15,Friday,,
379,1,379_1,2026-09-04 11:44:55,2026-09-04 11:44:55,7475.0,1,1,Аналитика про,7475.00,1,False,2026-09-04,11,Friday,,
380,1,380_1,2026-08-09 17:19:11,2026-08-09 17:19:11,6490.0,1,1,ML старт,6490.00,1,False,2026-08-09,17,Sunday,,
381,1,381_1,2026-09-09 14:46:43,2026-09-09 14:46:43,8950.0,1,1,Аналитика старт,8950.00,1,False,2026-09-09,14,Wednesday,,
382,1,382_1,2026-08-09 18:58:42,2026-08-09 18:58:42,8900.0,2,2,ML старт | Алгоритмы старт,4450.00 | 4450.00,1,False,2026-08-09,18,Sunday,,
383,1,383_1,2026-09-04 14:11:02,2026-09-04 14:11:02,8950.0,1,1,Аналитика про,8950.00,1,False,2026-09-04,14,Friday,,
384,1,384_1,2026-09-04 20:38:50,2026-09-04 20:38:50,8450.0,1,1,Аналитика про,8450.00,1,False,2026-09-04,20,Friday,,
385,1,385_1,2026-09-02 14:17:34,2026-09-02 14:17:34,11950.0,2,2,АВ тестам | Аналитика старт,5975.00 | 5975.00,1,False,2026-09-02,14,Wednesday,,
386,1,386_1,2026-08-19 13:53:46,2026-08-19 13:53:46,7000.0,1,1,Backend про,7000.00,1,False,2026-08-19,13,Wednesday,,
387,1,387_1,2026-08-31 09:09:41,2026-08-31 09:09:41,8545.0,1,1,AI агенты,8545.00,1,False,2026-08-31,9,Monday,,
388,1,388_1,2026-08-12 13:28:18,2026-08-12 13:28:18,7000.0,1,1,ML старт,7000.00,1,False,2026-08-12,13,Wednesday,,
389,1,389_1,2026-08-09 10:18:12,2026-08-09 10:18:12,9900.0,2,2,ML старт | Алгоритмы старт,4950.00 | 4950.00,1,False,2026-08-09,10,Sunday,,
389,2,389_2,2026-08-10 19:12:23,2026-08-10 19:12:23,5990.0,1,1,Аналитика старт,5990.00,2,True,2026-08-10,19,Monday,2026-08-09 10:18:12,1.3709606481481482
390,1,390_1,2026-09-01 02:23:30,2026-09-01 02:23:30,8975.0,1,1,Аналитика старт,8975.00,1,False,2026-09-01,2,Tuesday,,
391,1,391_1,2026-08-14 18:55:11,2026-08-14 18:55:11,8745.0,1,1,Алгоритмы старт,8745.00,1,False,2026-08-14,18,Friday,,
392,1,392_1,2026-08-20 13:14:17,2026-08-20 13:14:17,8745.0,1,1,Аналитика старт,8745.00,1,False,2026-08-20,13,Thursday,,
393,1,393_1,2026-08-29 09:45:18,2026-08-29 09:45:18,9450.0,1,1,Мат анализ,9450.00,1,False,2026-08-29,9,Saturday,,
394,1,394_1,2026-09-05 10:17:43,2026-09-05 10:17:43,8950.0,1,1,Алгоритмы про,8950.00,1,False,2026-09-05,10,Saturday,,
395,1,395_1,2026-09-03 11:18:32,2026-09-03 11:18:32,8950.0,1,1,ML про,8950.00,1,False,2026-09-03,11,Thursday,,
396,1,396_1,2026-09-06 19:15:37,2026-09-06 19:15:37,9950.0,1,1,Мат анализ,9950.00,1,False,2026-09-06,19,Sunday,,
397,1,397_1,2026-09-05 11:02:15,2026-09-05 11:02:15,8950.0,1,1,Аналитика старт,8950.00,1,False,2026-09-05,11,Saturday,,
398,1,398_1,2026-09-05 18:06:36,2026-09-05 18:06:36,8950.0,1,1,ML про,8950.00,1,False,2026-09-05,18,Saturday,,
399,1,399_1,2026-09-06 19:02:33,2026-09-06 19:02:33,8950.0,1,1,ML про,8950.00,1,False,2026-09-06,19,Sunday,,
400,1,400_1,2026-08-09 16:12:09,2026-08-09 16:12:09,6490.0,1,1,Алгоритмы старт,6490.00,1,False,2026-08-09,16,Sunday,,
401,1,401_1,2026-08-08 22:16:55,2026-08-08 22:16:55,8245.0,1,1,Backend про,8245.00,1,False,2026-08-08,22,Saturday,,
402,1,402_1,2026-08-09 17:25:40,2026-08-09 17:25:40,9990.0,2,2,ML старт | Алгоритмы старт,4995.00 | 4995.00,1,False,2026-08-09,17,Sunday,,
402,2,402_2,2026-09-03 17:30:08,2026-09-03 17:30:08,8450.0,1,1,ML про,8450.00,2,True,2026-09-03,17,Thursday,2026-08-09 17:25:40,25.003101851851852
403,1,403_1,2026-08-31 10:18:44,2026-08-31 10:18:44,8950.0,1,1,Backend про,8950.00,1,False,2026-08-31,10,Monday,,
404,1,404_1,2026-09-02 19:30:00,2026-09-02 19:30:00,7475.0,1,1,Алгоритмы про,7475.00,1,False,2026-09-02,19,Wednesday,,
405,1,405_1,2026-09-05 14:29:26,2026-09-05 14:29:26,8950.0,1,1,Backend старт,8950.00,1,False,2026-09-05,14,Saturday,,
406,1,406_1,2026-09-05 13:55:08,2026-09-05 13:55:08,8450.0,1,1,ML про,8450.00,1,False,2026-09-05,13,Saturday,,
407,1,407_1,2026-09-09 23:11:20,2026-09-09 23:11:20,8950.0,1,1,Линейная алгебра,8950.00,1,False,2026-09-09,23,Wednesday,,
408,1,408_1,2026-08-10 15:22:41,2026-08-10 15:22:41,6490.0,1,1,Аналитика старт,6490.00,1,False,2026-08-10,15,Monday,,
409,1,409_1,2026-09-03 21:58:56,2026-09-03 21:58:56,5000.0,1,1,AI агенты,5000.00,1,False,2026-09-03,21,Thursday,,
410,1,410_1,2026-08-08 16:51:05,2026-08-08 16:51:05,6490.0,1,1,Backend старт,6490.00,1,False,2026-08-08,16,Saturday,,
411,1,411_1,2026-08-30 11:21:33,2026-08-30 11:21:33,8545.0,1,1,AI агенты,8545.00,1,False,2026-08-30,11,Sunday,,
412,1,412_1,2026-08-08 14:06:52,2026-08-08 14:06:52,9990.0,2,2,ML старт | Алгоритмы старт,4995.00 | 4995.00,1,False,2026-08-08,14,Saturday,,
413,1,413_1,2026-08-18 19:40:47,2026-08-18 19:40:47,8745.0,1,1,Аналитика старт,8745.00,1,False,2026-08-18,19,Tuesday,,
414,1,414_1,2026-09-05 16:25:16,2026-09-05 16:25:16,8950.0,1,1,ML про,8950.00,1,False,2026-09-05,16,Saturday,,
415,1,415_1,2026-08-09 04:51:42,2026-08-09 04:51:42,4995.0,1,1,Backend старт,4995.00,1,False,2026-08-09,4,Sunday,,
416,1,416_1,2026-09-05 21:19:33,2026-09-05 21:19:33,13950.0,2,2,Backend про | ML про,6975.00 | 6975.00,1,False,2026-09-05,21,Saturday,,
417,1,417_1,2026-08-11 10:51:54,2026-08-11 10:51:54,6950.0,1,1,К ВУЗу,6950.00,1,False,2026-08-11,10,Tuesday,,
418,1,418_1,2026-08-26 04:03:43,2026-08-26 04:03:43,14950.0,2,2,Backend про | Backend старт,7475.00 | 7475.00,1,False,2026-08-26,4,Wednesday,,
419,1,419_1,2026-09-02 10:06:52,2026-09-02 10:06:52,14950.0,2,2,ML про | Алгоритмы про,7475.00 | 7475.00,1,False,2026-09-02,10,Wednesday,,
420,1,420_1,2026-08-14 20:17:00,2026-08-14 20:17:00,6950.0,1,1,К ВУЗу,6950.00,1,False,2026-08-14,20,Friday,,
421,1,421_1,2026-08-08 20:25:37,2026-08-08 20:25:37,9990.0,2,2,Data Engenering | Алгоритмы,4995.00 | 4995.00,1,False,2026-08-08,20,Saturday,,
422,1,422_1,2026-09-02 15:30:05,2026-09-02 15:30:05,9450.0,1,1,Теория вероятностей,9450.00,1,False,2026-09-02,15,Wednesday,,
423,1,423_1,2026-09-01 12:44:58,2026-09-01 12:44:58,7475.0,1,1,ML про,7475.00,1,False,2026-09-01,12,Tuesday,,
424,1,424_1,2026-08-23 17:45:31,2026-08-23 17:45:31,14950.0,2,2,AI агенты | Аналитика про,7475.00 | 7475.00,1,False,2026-08-23,17,Sunday,,
425,1,425_1,2026-08-24 07:03:39,2026-08-24 07:03:39,8503.0,1,1,AI агенты,8503.00,1,False,2026-08-24,7,Monday,,
426,1,426_1,2026-08-13 09:26:22,2026-08-13 09:26:22,6000.0,1,1,ML старт,6000.00,1,False,2026-08-13,9,Thursday,,
427,1,427_1,2026-08-08 19:23:46,2026-08-08 19:23:46,9900.0,2,2,ML старт | Алгоритмы,4950.00 | 4950.00,1,False,2026-08-08,19,Saturday,,
428,1,428_1,2026-09-04 18:33:44,2026-09-04 18:33:44,17900.0,2,2,ML про | ML старт,8950.00 | 8950.00,1,False,2026-09-04,18,Friday,,
429,1,429_1,2026-09-08 13:04:06,2026-09-08 13:04:06,9950.0,1,1,Мат анализ,9950.00,1,False,2026-09-08,13,Tuesday,,
430,1,430_1,2026-08-04 13:38:06,2026-08-04 13:38:06,8950.0,1,1,К ВУЗу,8950.00,1,False,2026-08-04,13,Tuesday,,
430,2,430_2,2026-08-23 16:17:56,2026-08-23 16:17:56,8000.0,1,1,К ВУЗу,8000.00,2,True,2026-08-23,16,Sunday,2026-08-04 13:38:06,19.11099537037037
431,1,431_1,2026-09-05 15:28:29,2026-09-05 15:28:29,8950.0,1,1,Алгоритмы старт,8950.00,1,False,2026-09-05,15,Saturday,,
432,1,432_1,2026-08-29 19:39:58,2026-08-29 19:39:58,8950.0,1,1,Backend про,8950.00,1,False,2026-08-29,19,Saturday,,
432,2,432_2,2026-08-30 10:31:12,2026-08-30 10:31:12,8545.0,1,1,AI агенты,8545.00,2,True,2026-08-30,10,Sunday,2026-08-29 19:39:58,0.618912037037037
433,1,433_1,2026-08-09 19:40:37,2026-08-09 19:40:37,9900.0,2,2,ML старт | Алгоритмы старт,4950.00 | 4950.00,1,False,2026-08-09,19,Sunday,,
434,1,434_1,2026-09-06 15:23:19,2026-09-06 15:23:19,8450.0,1,1,Backend про,8450.00,1,False,2026-09-06,15,Sunday,,
435,1,435_1,2026-08-09 16:13:53,2026-08-09 16:13:53,9900.0,2,2,Аналитика про | Аналитика старт,4950.00 | 4950.00,1,False,2026-08-09,16,Sunday,,
436,1,436_1,2026-08-23 15:04:52,2026-08-23 15:04:52,8450.0,1,1,Алгоритмы про,8450.00,1,False,2026-08-23,15,Sunday,,
437,1,437_1,2026-08-04 09:08:31,2026-08-04 09:08:31,8950.0,1,1,ML про,8950.00,1,False,2026-08-04,9,Tuesday,,
437,2,437_2,2026-08-04 09:35:00,2026-08-04 09:35:00,7890.0,1,1,Аналитика старт,7890.00,2,True,2026-08-04,9,Tuesday,2026-08-04 09:08:31,0.018391203703703705
437,3,437_3,2026-08-22 08:23:59,2026-08-22 08:23:59,8950.0,1,1,AI агенты,8950.00,3,True,2026-08-22,8,Saturday,2026-08-04 09:35:00,17.950682870370372
437,4,437_4,2026-08-30 16:16:42,2026-08-30 16:16:42,1000.0,1,1,AI агенты,1000.00,4,True,2026-08-30,16,Sunday,2026-08-22 08:23:59,8.328275462962964
438,1,438_1,2026-09-09 13:24:37,2026-09-09 13:24:37,8950.0,1,1,Аналитика про,8950.00,1,False,2026-09-09,13,Wednesday,,
439,1,439_1,2026-08-09 20:20:29,2026-08-09 20:20:29,6490.0,1,1,Backend старт,6490.00,1,False,2026-08-09,20,Sunday,,
440,1,440_1,2026-08-24 03:20:05,2026-08-24 03:20:05,7475.0,1,1,ML про,7475.00,1,False,2026-08-24,3,Monday,,
441,1,441_1,2026-08-16 09:40:30,2026-08-16 09:40:30,8745.0,1,1,Алгоритмы старт,8745.00,1,False,2026-08-16,9,Sunday,,
442,1,442_1,2026-08-14 11:21:45,2026-08-14 11:21:45,6950.0,1,1,К ВУЗу,6950.00,1,False,2026-08-14,11,Friday,,
443,1,443_1,2026-08-04 10:14:38,2026-08-04 10:14:38,16950.0,2,2,Линейная алгебра | Мат анализ,8475.00 | 8475.00,1,False,2026-08-04,10,Tuesday,,
444,1,444_1,2026-09-09 16:46:07,2026-09-09 16:46:07,14950.0,2,2,Алгоритмы про | Алгоритмы старт,7475.00 | 7475.00,1,False,2026-09-09,16,Wednesday,,
445,1,445_1,2026-08-10 00:36:19,2026-08-10 00:36:19,4950.0,1,1,Аналитика про,4950.00,1,False,2026-08-10,0,Monday,,
446,1,446_1,2026-08-10 09:02:50,2026-08-10 09:02:50,6950.0,1,1,Data Engenering,6950.00,1,False,2026-08-10,9,Monday,,
447,1,447_1,2026-08-23 13:46:56,2026-08-23 13:46:56,8450.0,1,1,Backend про,8450.00,1,False,2026-08-23,13,Sunday,,
448,1,448_1,2026-08-14 14:23:30,2026-08-14 14:23:30,16950.0,2,2,ML про | ML старт,8475.00 | 8475.00,1,False,2026-08-14,14,Friday,,
449,1,449_1,2026-09-06 17:28:24,2026-09-06 17:28:24,8950.0,1,1,Алгоритмы старт,8950.00,1,False,2026-09-06,17,Sunday,,
450,1,450_1,2026-09-03 06:06:37,2026-09-03 06:06:37,8950.0,1,1,Backend про,8950.00,1,False,2026-09-03,6,Thursday,,
451,1,451_1,2026-08-08 16:24:46,2026-08-08 16:24:46,8245.0,1,1,Backend про,8245.00,1,False,2026-08-08,16,Saturday,,
452,1,452_1,2026-08-25 21:09:34,2026-08-25 21:09:34,8450.0,1,1,AI агенты,8450.00,1,False,2026-08-25,21,Tuesday,,
453,1,453_1,2026-08-11 17:07:53,2026-08-11 17:07:53,4950.0,1,1,Алгоритмы старт,4950.00,1,False,2026-08-11,17,Tuesday,,
454,1,454_1,2026-09-07 04:33:26,2026-09-07 04:33:26,8950.0,1,1,ML про,8950.00,1,False,2026-09-07,4,Monday,,
455,1,455_1,2026-08-25 07:53:50,2026-08-25 07:53:50,8950.0,1,1,Backend старт,8950.00,1,False,2026-08-25,7,Tuesday,,
456,1,456_1,2026-09-08 17:57:42,2026-09-08 17:57:42,9950.0,1,1,Мат анализ,9950.00,1,False,2026-09-08,17,Tuesday,,
457,1,457_1,2026-08-09 10:16:31,2026-08-09 10:16:31,6490.0,1,1,Алгоритмы старт,6490.00,1,False,2026-08-09,10,Sunday,,
458,1,458_1,2026-08-22 11:58:37,2026-08-22 11:58:37,8450.0,1,1,Backend про,8450.00,1,False,2026-08-22,11,Saturday,,
459,1,459_1,2026-08-07 11:31:08,2026-08-07 11:31:08,9950.0,1,1,Мат анализ,9950.00,1,False,2026-08-07,11,Friday,,
460,1,460_1,2026-08-12 13:12:40,2026-08-12 13:12:40,8745.0,1,1,Аналитика старт,8745.00,1,False,2026-08-12,13,Wednesday,,
461,1,461_1,2026-09-05 15:01:05,2026-09-05 15:01:05,14950.0,2,2,Аналитика про | Аналитика старт,7475.00 | 7475.00,1,False,2026-09-05,15,Saturday,,
462,1,462_1,2026-08-09 16:45:22,2026-08-09 16:45:22,500.0,1,1,Алгоритмы старт,500.00,1,False,2026-08-09,16,Sunday,,
463,1,463_1,2026-08-25 13:16:31,2026-08-25 13:16:31,8950.0,1,1,ML про,8950.00,1,False,2026-08-25,13,Tuesday,,
464,1,464_1,2026-08-10 18:30:49,2026-08-10 18:30:49,4500.0,1,1,Аналитика старт,4500.00,1,False,2026-08-10,18,Monday,,
465,1,465_1,2026-09-07 08:21:23,2026-09-07 08:21:23,4225.0,1,1,Алгоритмы,4225.00,1,False,2026-09-07,8,Monday,,
466,1,466_1,2026-08-26 13:56:39,2026-08-26 13:56:39,8950.0,1,1,ML про,8950.00,1,False,2026-08-26,13,Wednesday,,
467,1,467_1,2026-08-10 13:55:50,2026-08-10 13:55:50,6490.0,1,1,Аналитика старт,6490.00,1,False,2026-08-10,13,Monday,,
468,1,468_1,2026-08-19 07:10:12,2026-08-19 07:10:12,9450.0,1,1,Линейная алгебра,9450.00,1,False,2026-08-19,7,Wednesday,,
469,1,469_1,2026-08-08 19:45:24,2026-08-08 19:45:24,4950.0,1,1,Алгоритмы,4950.00,1,False,2026-08-08,19,Saturday,,
470,1,470_1,2026-08-09 17:24:05,2026-08-09 17:24:05,9900.0,2,2,ML старт | Алгоритмы,4950.00 | 4950.00,1,False,2026-08-09,17,Sunday,,
471,1,471_1,2026-09-04 18:12:51,2026-09-04 18:12:51,9950.0,1,1,Линейная алгебра,9950.00,1,False,2026-09-04,18,Friday,,
472,1,472_1,2026-09-06 13:45:12,2026-09-06 13:45:12,8950.0,1,1,ML про,8950.00,1,False,2026-09-06,13,Sunday,,
473,1,473_1,2026-08-08 13:57:16,2026-08-08 13:57:16,10000.0,1,1,Алгоритмы,10000.00,1,False,2026-08-08,13,Saturday,,
474,1,474_1,2026-08-14 07:16:32,2026-08-14 07:16:32,6950.0,1,1,К ВУЗу,6950.00,1,False,2026-08-14,7,Friday,,
475,1,475_1,2026-08-24 15:16:31,2026-08-24 15:16:31,9950.0,1,1,Линейная алгебра,9950.00,1,False,2026-08-24,15,Monday,,
476,1,476_1,2026-08-09 14:14:07,2026-08-09 14:14:07,8900.0,2,2,ML старт | Алгоритмы старт,4450.00 | 4450.00,1,False,2026-08-09,14,Sunday,,
477,1,477_1,2026-08-06 14:52:49,2026-08-06 14:52:49,500.0,1,1,Теория вероятностей,500.00,1,False,2026-08-06,14,Thursday,,
477,2,477_2,2026-08-18 15:06:11,2026-08-18 15:06:11,9450.0,1,1,Линейная алгебра,9450.00,2,True,2026-08-18,15,Tuesday,2026-08-06 14:52:49,12.009282407407408
478,1,478_1,2026-08-10 00:13:55,2026-08-10 00:13:55,6450.0,1,1,Data Engenering,6450.00,1,False,2026-08-10,0,Monday,,
479,1,479_1,2026-08-16 09:40:02,2026-08-16 09:40:02,8745.0,1,1,Аналитика старт,8745.00,1,False,2026-08-16,9,Sunday,,
480,1,480_1,2026-08-04 16:17:19,2026-08-04 16:17:19,15695.0,1,1,Data Science,15695.00,1,False,2026-08-04,16,Tuesday,,
481,1,481_1,2026-08-07 13:09:54,2026-08-07 13:09:54,8745.0,1,1,ML про,8745.00,1,False,2026-08-07,13,Friday,,
482,1,482_1,2026-08-15 16:30:16,2026-08-15 16:30:16,16950.0,2,2,ML старт | Алгоритмы,8475.00 | 8475.00,1,False,2026-08-15,16,Saturday,,
483,1,483_1,2026-08-29 19:38:52,2026-08-29 19:38:52,8450.0,1,1,AI агенты,8450.00,1,False,2026-08-29,19,Saturday,,
484,1,484_1,2026-08-15 19:17:47,2026-08-15 19:17:47,8745.0,1,1,Аналитика старт,8745.00,1,False,2026-08-15,19,Saturday,,
485,1,485_1,2026-08-22 16:02:00,2026-08-22 16:02:00,8450.0,1,1,Аналитика про,8450.00,1,False,2026-08-22,16,Saturday,,
486,1,486_1,2026-09-02 09:28:52,2026-09-02 09:28:52,8950.0,1,1,Backend про,8950.00,1,False,2026-09-02,9,Wednesday,,
487,1,487_1,2026-09-05 11:02:17,2026-09-05 11:02:17,14950.0,2,2,ML про | ML старт,7475.00 | 7475.00,1,False,2026-09-05,11,Saturday,,
488,1,488_1,2026-08-09 16:36:09,2026-08-09 16:36:09,19350.0,1,1,Алгоритмы,19350.00,1,False,2026-08-09,16,Sunday,,
489,1,489_1,2026-08-24 08:47:25,2026-08-24 08:47:25,8850.0,1,1,ML старт,8850.00,1,False,2026-08-24,8,Monday,,
490,1,490_1,2026-09-04 10:01:44,2026-09-04 10:01:44,8450.0,1,1,AI агенты,8450.00,1,False,2026-09-04,10,Friday,,
491,1,491_1,2026-09-07 09:04:54,2026-09-07 09:04:54,8950.0,1,1,Аналитика про,8950.00,1,False,2026-09-07,9,Monday,,
492,1,492_1,2026-08-20 14:21:52,2026-08-20 14:21:52,9950.0,1,1,Теория вероятностей,9950.00,1,False,2026-08-20,14,Thursday,,
493,1,493_1,2026-09-02 16:44:53,2026-09-02 16:44:53,9950.0,1,1,Линейная алгебра,9950.00,1,False,2026-09-02,16,Wednesday,,
494,1,494_1,2026-09-05 19:15:54,2026-09-05 19:15:54,8959.0,1,1,Алгоритмы про,8959.00,1,False,2026-09-05,19,Saturday,,
495,1,495_1,2026-09-01 10:30:21,2026-09-01 10:30:21,14950.0,2,2,ML про | ML старт,7475.00 | 7475.00,1,False,2026-09-01,10,Tuesday,,
496,1,496_1,2026-08-22 15:01:37,2026-08-22 15:01:37,8950.0,1,1,ML старт,8950.00,1,False,2026-08-22,15,Saturday,,
497,1,497_1,2026-08-31 12:11:14,2026-08-31 12:11:14,8950.0,1,1,Backend про,8950.00,1,False,2026-08-31,12,Monday,,
498,1,498_1,2026-08-10 18:10:53,2026-08-10 18:10:53,9000.0,2,2,Аналитика про | Аналитика старт,4500.00 | 4500.00,1,False,2026-08-10,18,Monday,,
499,1,499_1,2026-09-08 13:24:34,2026-09-08 13:24:34,8950.0,1,1,Аналитика про,8950.00,1,False,2026-09-08,13,Tuesday,,
500,1,500_1,2026-08-10 13:21:01,2026-08-10 13:21:01,6490.0,1,1,Аналитика старт,6490.00,1,False,2026-08-10,13,Monday,,
501,1,501_1,2026-08-20 14:06:32,2026-08-20 14:06:32,8745.0,1,1,ML старт,8745.00,1,False,2026-08-20,14,Thursday,,
502,1,502_1,2026-09-05 10:11:25,2026-09-05 10:11:25,8450.0,1,1,ML про,8450.00,1,False,2026-09-05,10,Saturday,,
503,1,503_1,2026-08-31 14:40:32,2026-08-31 14:40:32,14943.0,2,2,Аналитика про | Аналитика старт,7471.50 | 7471.50,1,False,2026-08-31,14,Monday,,
504,1,504_1,2026-09-03 06:27:49,2026-09-03 06:27:49,5975.0,1,1,Аналитика старт,5975.00,1,False,2026-09-03,6,Thursday,,
505,1,505_1,2026-08-11 18:00:05,2026-08-11 18:00:05,9900.0,2,2,ML старт | Алгоритмы старт,4950.00 | 4950.00,1,False,2026-08-11,18,Tuesday,,
506,1,506_1,2026-08-27 12:29:06,2026-08-27 12:29:06,8950.0,1,1,AI агенты,8950.00,1,False,2026-08-27,12,Thursday,,
507,1,507_1,2026-08-08 20:12:46,2026-08-08 20:12:46,6490.0,1,1,ML старт,6490.00,1,False,2026-08-08,20,Saturday,,
508,1,508_1,2026-08-09 21:33:27,2026-08-09 21:33:27,9900.0,2,2,Backend старт | Алгоритмы старт,4950.00 | 4950.00,1,False,2026-08-09,21,Sunday,,
508,2,508_2,2026-09-03 08:29:32,2026-09-03 08:29:32,5750.0,1,1,Backend про,5750.00,2,True,2026-09-03,8,Thursday,2026-08-09 21:33:27,24.455613425925925
509,1,509_1,2026-09-07 16:51:31,2026-09-07 16:51:31,18900.0,1,1,Теория вероятностей,18900.00,1,False,2026-09-07,16,Monday,,
510,1,510_1,2026-09-05 10:34:42,2026-09-05 10:34:42,8950.0,1,1,AI агенты,8950.00,1,False,2026-09-05,10,Saturday,,
511,1,511_1,2026-08-08 17:29:42,2026-08-08 17:29:42,4950.0,1,1,Аналитика старт,4950.00,1,False,2026-08-08,17,Saturday,,
512,1,512_1,2026-08-08 16:43:12,2026-08-08 16:43:12,4995.0,1,1,Алгоритмы старт,4995.00,1,False,2026-08-08,16,Saturday,,
513,1,513_1,2026-08-23 17:34:10,2026-08-23 17:34:10,13950.0,2,2,AI агенты | Алгоритмы про,6975.00 | 6975.00,1,False,2026-08-23,17,Sunday,,
514,1,514_1,2026-08-23 09:48:08,2026-08-23 09:48:08,8950.0,1,1,ML старт,8950.00,1,False,2026-08-23,9,Sunday,,
515,1,515_1,2026-09-05 12:09:36,2026-09-05 12:09:36,8450.0,1,1,Аналитика про,8450.00,1,False,2026-09-05,12,Saturday,,
516,1,516_1,2026-08-08 16:59:49,2026-08-08 16:59:49,9900.0,2,2,Алгоритмы старт | Аналитика старт,4950.00 | 4950.00,1,False,2026-08-08,16,Saturday,,
517,1,517_1,2026-09-05 12:48:03,2026-09-05 12:48:03,8950.0,1,1,Аналитика про,8950.00,1,False,2026-09-05,12,Saturday,,
518,1,518_1,2026-08-08 12:37:37,2026-08-08 12:37:37,6490.0,1,1,Алгоритмы старт,6490.00,1,False,2026-08-08,12,Saturday,,
519,1,519_1,2026-08-10 16:09:27,2026-08-10 16:09:27,14850.0,3,3,Алгоритмы старт | Аналитика про | Аналитика старт,4950.00 | 4950.00 | 4950.00,1,False,2026-08-10,16,Monday,,
520,1,520_1,2026-08-09 09:27:27,2026-08-09 09:27:27,6490.0,1,1,Аналитика старт,6490.00,1,False,2026-08-09,9,Sunday,,
521,1,521_1,2026-08-12 14:21:51,2026-08-12 14:21:51,6450.0,1,1,К ВУЗу,6450.00,1,False,2026-08-12,14,Wednesday,,
522,1,522_1,2026-08-17 16:24:17,2026-08-17 16:24:17,6950.0,1,1,К ВУЗу,6950.00,1,False,2026-08-17,16,Monday,,
523,1,523_1,2026-09-02 11:00:48,2026-09-02 11:00:48,8450.0,1,1,Backend про,8450.00,1,False,2026-09-02,11,Wednesday,,
524,1,524_1,2026-09-01 11:54:01,2026-09-01 11:54:01,8945.0,1,1,Аналитика про,8945.00,1,False,2026-09-01,11,Tuesday,,
525,1,525_1,2026-08-22 15:39:49,2026-08-22 15:39:49,8950.0,1,1,Аналитика старт,8950.00,1,False,2026-08-22,15,Saturday,,
526,1,526_1,2026-08-27 13:32:56,2026-08-27 13:32:56,8950.0,1,1,AI агенты,8950.00,1,False,2026-08-27,13,Thursday,,
527,1,527_1,2026-08-09 10:49:47,2026-08-09 10:49:47,9900.0,2,2,ML старт | Алгоритмы старт,4950.00 | 4950.00,1,False,2026-08-09,10,Sunday,,
528,1,528_1,2026-09-06 16:54:20,2026-09-06 16:54:20,8950.0,1,1,ML про,8950.00,1,False,2026-09-06,16,Sunday,,
529,1,529_1,2026-08-24 13:11:03,2026-08-24 13:11:03,14950.0,2,2,Алгоритмы про | Алгоритмы старт,7475.00 | 7475.00,1,False,2026-08-24,13,Monday,,
530,1,530_1,2026-09-06 19:09:38,2026-09-06 19:09:38,8950.0,1,1,Аналитика про,8950.00,1,False,2026-09-06,19,Sunday,,
531,1,531_1,2026-08-30 10:04:17,2026-08-30 10:04:17,8950.0,1,1,Backend старт,8950.00,1,False,2026-08-30,10,Sunday,,
532,1,532_1,2026-08-08 16:22:47,2026-08-08 16:22:47,9990.0,2,2,Аналитика про | Аналитика старт,4995.00 | 4995.00,1,False,2026-08-08,16,Saturday,,
533,1,533_1,2026-09-05 10:24:14,2026-09-05 10:24:14,8450.0,1,1,AI агенты,8450.00,1,False,2026-09-05,10,Saturday,,
534,1,534_1,2026-08-30 12:55:04,2026-08-30 12:55:04,8450.0,1,1,AI агенты,8450.00,1,False,2026-08-30,12,Sunday,,
535,1,535_1,2026-08-30 08:24:30,2026-08-30 08:24:30,14950.0,2,2,Backend старт | Алгоритмы старт,7475.00 | 7475.00,1,False,2026-08-30,8,Sunday,,
536,1,536_1,2026-08-12 12:22:52,2026-08-12 12:22:52,16950.0,2,2,Аналитика про | Аналитика старт,8475.00 | 8475.00,1,False,2026-08-12,12,Wednesday,,
537,1,537_1,2026-08-12 04:49:43,2026-08-12 04:49:43,9900.0,2,2,ML старт | Алгоритмы старт,4950.00 | 4950.00,1,False,2026-08-12,4,Wednesday,,
538,1,538_1,2026-08-31 06:14:52,2026-08-31 06:14:52,14950.0,2,2,Backend старт | Алгоритмы старт,7475.00 | 7475.00,1,False,2026-08-31,6,Monday,,
539,1,539_1,2026-08-23 20:55:41,2026-08-23 20:55:41,8950.0,1,1,AI агенты,8950.00,1,False,2026-08-23,20,Sunday,,
540,1,540_1,2026-09-05 14:57:41,2026-09-05 14:57:41,8950.0,1,1,Аналитика про,8950.00,1,False,2026-09-05,14,Saturday,,
541,1,541_1,2026-09-02 10:48:17,2026-09-02 10:48:17,14950.0,2,2,Алгоритмы старт | Аналитика старт,7475.00 | 7475.00,1,False,2026-09-02,10,Wednesday,,
542,1,542_1,2026-08-23 18:26:56,2026-08-23 18:26:56,8950.0,1,1,Backend старт,8950.00,1,False,2026-08-23,18,Sunday,,
543,1,543_1,2026-08-09 14:01:24,2026-08-09 14:01:24,4950.0,1,1,Алгоритмы старт,4950.00,1,False,2026-08-09,14,Sunday,,
544,1,544_1,2026-08-10 06:26:01,2026-08-10 06:26:01,4995.0,1,1,Алгоритмы,4995.00,1,False,2026-08-10,6,Monday,,
545,1,545_1,2026-09-05 19:45:17,2026-09-05 19:45:17,8950.0,1,1,ML про,8950.00,1,False,2026-09-05,19,Saturday,,
546,1,546_1,2026-08-10 19:07:51,2026-08-10 19:07:51,6490.0,1,1,Аналитика старт,6490.00,1,False,2026-08-10,19,Monday,,
547,1,547_1,2026-09-01 15:53:22,2026-09-01 15:53:22,14950.0,2,2,Backend про | Алгоритмы про,7475.00 | 7475.00,1,False,2026-09-01,15,Tuesday,,
548,1,548_1,2026-09-08 12:45:32,2026-09-08 12:45:32,13950.0,2,2,AI агенты | ML про,6975.00 | 6975.00,1,False,2026-09-08,12,Tuesday,,
549,1,549_1,2026-08-24 05:25:17,2026-08-24 05:25:17,16445.0,2,2,AI агенты | Backend про,8222.50 | 8222.50,1,False,2026-08-24,5,Monday,,
550,1,550_1,2026-08-09 16:24:42,2026-08-09 16:24:42,5463.34,1,1,Алгоритмы старт,5463.34,1,False,2026-08-09,16,Sunday,,
551,1,551_1,2026-09-02 09:58:19,2026-09-02 09:58:19,8950.0,1,1,Backend про,8950.00,1,False,2026-09-02,9,Wednesday,,
552,1,552_1,2026-08-26 04:37:12,2026-08-26 04:37:12,7475.0,1,1,Аналитика про,7475.00,1,False,2026-08-26,4,Wednesday,,
553,1,553_1,2026-09-05 18:27:14,2026-09-05 18:27:14,8950.0,1,1,ML про,8950.00,1,False,2026-09-05,18,Saturday,,
554,1,554_1,2026-08-08 12:44:01,2026-08-08 12:44:01,10000.0,2,2,ML старт | Алгоритмы старт,5000.00 | 5000.00,1,False,2026-08-08,12,Saturday,,
555,1,555_1,2026-09-02 09:38:46,2026-09-02 09:38:46,14950.0,2,2,Алгоритмы про | Алгоритмы старт,7475.00 | 7475.00,1,False,2026-09-02,9,Wednesday,,
556,1,556_1,2026-09-05 15:17:14,2026-09-05 15:17:14,7475.0,1,1,Аналитика про,7475.00,1,False,2026-09-05,15,Saturday,,
557,1,557_1,2026-08-23 16:56:11,2026-08-23 16:56:11,8950.0,1,1,ML про,8950.00,1,False,2026-08-23,16,Sunday,,
558,1,558_1,2026-09-02 08:49:58,2026-09-02 08:49:58,8245.0,1,1,Линейная алгебра,8245.00,1,False,2026-09-02,8,Wednesday,,
559,1,559_1,2026-08-23 04:11:37,2026-08-23 04:11:37,8450.0,1,1,Алгоритмы,8450.00,1,False,2026-08-23,4,Sunday,,
560,1,560_1,2026-08-25 14:09:51,2026-08-25 14:09:51,8950.0,1,1,AI агенты,8950.00,1,False,2026-08-25,14,Tuesday,,
561,1,561_1,2026-09-03 18:55:28,2026-09-03 18:55:28,18900.0,1,1,Теория вероятностей,18900.00,1,False,2026-09-03,18,Thursday,,
562,1,562_1,2026-08-17 22:34:23,2026-08-17 22:34:23,8745.0,1,1,ML старт,8745.00,1,False,2026-08-17,22,Monday,,
563,1,563_1,2026-08-09 17:28:24,2026-08-09 17:28:24,6490.0,1,1,Аналитика старт,6490.00,1,False,2026-08-09,17,Sunday,,
564,1,564_1,2026-08-16 04:38:14,2026-08-16 04:38:14,8745.0,1,1,Аналитика старт,8745.00,1,False,2026-08-16,4,Sunday,,
565,1,565_1,2026-08-30 15:30:24,2026-08-30 15:30:24,13950.0,2,2,Алгоритмы про | Алгоритмы старт,6975.00 | 6975.00,1,False,2026-08-30,15,Sunday,,
566,1,566_1,2026-08-30 18:45:42,2026-08-30 18:45:42,8450.0,1,1,ML про,8450.00,1,False,2026-08-30,18,Sunday,,
567,1,567_1,2026-09-09 15:06:26,2026-09-09 15:06:26,14950.0,2,2,AI агенты | Алгоритмы про,7475.00 | 7475.00,1,False,2026-09-09,15,Wednesday,,
568,1,568_1,2026-08-27 15:10:07,2026-08-27 15:10:07,14950.0,2,2,ML старт | Аналитика про,7475.00 | 7475.00,1,False,2026-08-27,15,Thursday,,
569,1,569_1,2026-09-06 08:00:03,2026-09-06 08:00:03,8950.0,1,1,Backend про,8950.00,1,False,2026-09-06,8,Sunday,,
570,1,570_1,2026-08-09 09:24:57,2026-08-09 09:24:57,9990.0,2,2,Алгоритмы старт | Аналитика старт,4995.00 | 4995.00,1,False,2026-08-09,9,Sunday,,
571,1,571_1,2026-08-04 17:19:52,2026-08-04 17:19:52,16950.0,2,2,ML про | ML старт,8475.00 | 8475.00,1,False,2026-08-04,17,Tuesday,,
572,1,572_1,2026-09-02 14:54:22,2026-09-02 14:54:22,8945.0,1,1,Аналитика про,8945.00,1,False,2026-09-02,14,Wednesday,,
573,1,573_1,2026-08-30 09:39:42,2026-08-30 09:39:42,8950.0,1,1,AI агенты,8950.00,1,False,2026-08-30,9,Sunday,,
574,1,574_1,2026-09-04 16:29:01,2026-09-04 16:29:01,7475.0,1,1,ML про,7475.00,1,False,2026-09-04,16,Friday,,
575,1,575_1,2026-08-19 09:21:46,2026-08-19 09:21:46,24735.0,3,3,Алгоритмы старт | Аналитика про | Аналитика старт,8245.00 | 8245.00 | 8245.00,1,False,2026-08-19,9,Wednesday,,
576,1,576_1,2026-09-04 17:26:34,2026-09-04 17:26:34,7475.0,1,1,ML старт,7475.00,1,False,2026-09-04,17,Friday,,
577,1,577_1,2026-08-09 16:26:30,2026-08-09 16:26:30,5463.33,1,1,Backend старт,5463.33,1,False,2026-08-09,16,Sunday,,
578,1,578_1,2026-08-21 12:29:55,2026-08-21 12:29:55,8245.0,1,1,Аналитика про,8245.00,1,False,2026-08-21,12,Friday,,
579,1,579_1,2026-08-06 16:20:47,2026-08-06 16:20:47,8245.0,1,1,ML старт,8245.00,1,False,2026-08-06,16,Thursday,,
580,1,580_1,2026-08-23 14:38:29,2026-08-23 14:38:29,8950.0,1,1,AI агенты,8950.00,1,False,2026-08-23,14,Sunday,,
581,1,581_1,2026-08-23 11:19:47,2026-08-23 11:19:47,8950.0,1,1,ML про,8950.00,1,False,2026-08-23,11,Sunday,,
582,1,582_1,2026-09-04 15:03:52,2026-09-04 15:03:52,8950.0,1,1,Аналитика старт,8950.00,1,False,2026-09-04,15,Friday,,
583,1,583_1,2026-08-25 04:27:38,2026-08-25 04:27:38,8950.0,1,1,AI агенты,8950.00,1,False,2026-08-25,4,Tuesday,,
584,1,584_1,2026-08-10 15:33:39,2026-08-10 15:33:39,6490.0,1,1,Алгоритмы старт,6490.00,1,False,2026-08-10,15,Monday,,
585,1,585_1,2026-08-29 19:40:39,2026-08-29 19:40:39,13950.0,2,2,AI агенты | ML про,6975.00 | 6975.00,1,False,2026-08-29,19,Saturday,,
586,1,586_1,2026-08-12 17:45:53,2026-08-12 17:45:53,8745.0,1,1,Аналитика старт,8745.00,1,False,2026-08-12,17,Wednesday,,
587,1,587_1,2026-08-26 21:47:21,2026-08-26 21:47:21,8450.0,1,1,AI агенты,8450.00,1,False,2026-08-26,21,Wednesday,,
588,1,588_1,2026-08-11 02:43:57,2026-08-11 02:43:57,6450.0,1,1,К ВУЗу,6450.00,1,False,2026-08-11,2,Tuesday,,
589,1,589_1,2026-08-09 18:06:31,2026-08-09 18:06:31,5990.0,1,1,Алгоритмы старт,5990.00,1,False,2026-08-09,18,Sunday,,
590,1,590_1,2026-09-04 11:04:11,2026-09-04 11:04:11,8945.0,1,1,Backend про,8945.00,1,False,2026-09-04,11,Friday,,
591,1,591_1,2026-09-05 10:13:46,2026-09-05 10:13:46,8450.0,1,1,AI агенты,8450.00,1,False,2026-09-05,10,Saturday,,
592,1,592_1,2026-08-19 20:38:02,2026-08-19 20:38:02,8245.0,1,1,Алгоритмы старт,8245.00,1,False,2026-08-19,20,Wednesday,,
593,1,593_1,2026-09-06 19:53:15,2026-09-06 19:53:15,9950.0,1,1,Мат анализ,9950.00,1,False,2026-09-06,19,Sunday,,
594,1,594_1,2026-09-03 18:16:38,2026-09-03 18:16:38,5000.0,1,1,AI агенты,5000.00,1,False,2026-09-03,18,Thursday,,
595,1,595_1,2026-08-22 16:55:59,2026-08-22 16:55:59,14950.0,2,2,AI агенты | ML про,7475.00 | 7475.00,1,False,2026-08-22,16,Saturday,,
596,1,596_1,2026-09-05 16:26:36,2026-09-05 16:26:36,8950.0,1,1,ML про,8950.00,1,False,2026-09-05,16,Saturday,,
597,1,597_1,2026-08-09 18:00:04,2026-08-09 18:00:04,5990.0,1,1,ML старт,5990.00,1,False,2026-08-09,18,Sunday,,
598,1,598_1,2026-08-09 09:43:34,2026-08-09 09:43:34,9900.0,2,2,Backend старт | Алгоритмы,4950.00 | 4950.00,1,False,2026-08-09,9,Sunday,,
599,1,599_1,2026-08-26 12:25:10,2026-08-26 12:25:10,8950.0,1,1,Аналитика старт,8950.00,1,False,2026-08-26,12,Wednesday,,
599,2,599_2,2026-08-31 16:05:26,2026-08-31 16:05:26,8950.0,1,1,Аналитика про,8950.00,2,True,2026-08-31,16,Monday,2026-08-26 12:25:10,5.152962962962963
600,1,600_1,2026-08-22 15:48:13,2026-08-22 15:48:13,7450.0,1,1,AI агенты,7450.00,1,False,2026-08-22,15,Saturday,,
601,1,601_1,2026-09-04 04:51:49,2026-09-04 04:51:49,22425.0,3,3,AI агенты | ML про | ML старт,7475.00 | 7475.00 | 7475.00,1,False,2026-09-04,4,Friday,,
601,2,601_2,2026-09-06 14:28:33,2026-09-06 14:28:33,13950.0,2,2,Аналитика про | Аналитика старт,6975.00 | 6975.00,2,True,2026-09-06,14,Sunday,2026-09-04 04:51:49,2.4005092592592594
602,1,602_1,2026-09-05 17:42:39,2026-09-05 17:42:39,8450.0,1,1,Backend про,8450.00,1,False,2026-09-05,17,Saturday,,
603,1,603_1,2026-08-18 16:34:39,2026-08-18 16:34:39,8745.0,1,1,Аналитика старт,8745.00,1,False,2026-08-18,16,Tuesday,,
604,1,604_1,2026-09-06 19:17:57,2026-09-06 19:17:57,8950.0,1,1,Аналитика старт,8950.00,1,False,2026-09-06,19,Sunday,,
605,1,605_1,2026-08-26 07:26:53,2026-08-26 07:26:53,8950.0,1,1,Алгоритмы про,8950.00,1,False,2026-08-26,7,Wednesday,,
606,1,606_1,2026-08-10 18:36:00,2026-08-10 18:36:00,6450.0,1,1,К ВУЗу,6450.00,1,False,2026-08-10,18,Monday,,
